,name,brand,price,url,image
0,KIDS Raspberry,MEDIBLANC,5.90,https://www.notino.co.uk/mediblanc/kids-rapsberry-toothpaste-for-children/,https://cdn.notinoimg.com/list_2k//mediblanc/8059300533123_01-o__220114.jpg
1,Fluoride,Parodontax,5.00,https://www.notino.co.uk/parodontax/fluoride-anti-bleeding-toothpaste/,https://cdn.notinoimg.com/list_2k//parodontax/4047400393048_01-o__221027.jpg
2,Whitening,Parodontax,4.00,https://www.notino.co.uk/parodontax/whitening-whitening-toothpaste-for-bleeding-gums/,https://cdn.notinoimg.com/list_2k//parodontax/5999518582175_01-o__140428.jpg
3,Junior 6-12 Years,Elmex,3.00,https://www.notino.co.uk/elmex/junior-6-12-years-toothpaste-for-children-73188/,https://cdn.notinoimg.com/list_2k//elmex/9003096004991_01-o__140313.jpg
4,Caries Protection,Elmex,3.90,https://www.notino.co.uk/elmex/caries-protection-anti-decay-toothpaste-with-fluoride/,https://cdn.notinoimg.com/list_2k//elmex/4007965560002_11-o__140311.jpg
5,Extra Fresh,Parodontax,4.00,https://www.notino.co.uk/parodontax/extra-fresh-toothpaste-for-bleeding-gums/,https://cdn.notinoimg.com/list_2k//parodontax/3830029294626_01__140428.jpg
6,Gum & Enamel Repair Fresh White,Oral B,2.40,https://www.notino.co.uk/oral-b/gum-enamel-repair-extra-fresh-toothpaste-for-fresh-breath/,https://cdn.notinoimg.com/list_2k//oral-b/8001090794413_01-o__240304.jpg
7,Natural Extracts Ultimate Fresh,Colgate,2.50,https://www.notino.co.uk/colgate/natural-extract-ultimate-fresh-toothpaste/,https://cdn.notinoimg.com/list_2k//colgate/8718951131644_01-o__221128.jpg
8,Intensive Stain Removal,BlanX,6.00,https://www.notino.co.uk/blanx/intensive-stain-removal-whitening-toothpaste/,https://cdn.notinoimg.com/list_2k//blanx/8006320054763_01-o__180221.jpg
9,Caries Protection Kids,Elmex,3.00,https://www.notino.co.uk/elmex/caries-protection-kids-toothpaste-for-children/,https://cdn.notinoimg.com/list_2k//elmex/7610108056354_01-o__230215.jpg
10,Sensitive,Elmex,3.80,https://www.notino.co.uk/elmex/sensitive-paste-for-sensitive-teeth/,https://cdn.notinoimg.com/list_2k//elmex/7610108059249_11-o__150518.jpg
11,Sensitive Whitening,Elmex,3.80,https://www.notino.co.uk/elmex/sensitive-whitening-toothpaste-for-naturally-white-teeth-73519/,https://cdn.notinoimg.com/list_2k//elmex/8714789899299_01-o__140528.jpg
12,Perio Plus+ Support 0.09 CHX,Curaprox,7.90,https://www.notino.co.uk/curaprox/perio-plus-support-009-chx-toothpaste-against-gum-bleeding-and-periodontal-disease/,https://cdn.notinoimg.com/list_2k//curaprox/7612412427288_01-o__191204.jpg
13,Total Protective Repair,Biorepair,4.00,https://www.notino.co.uk/biorepair/total-protective-repair-reinforcing-toothpaste/,https://cdn.notinoimg.com/list_2k//biorepair/8017331048429_01-o__220811.jpg
14,Teeth,NUK,5.90,https://www.notino.co.uk/nuk/teeth-dental-care-setfor-kids/,https://cdn.notinoimg.com/list_2k//nuk/4008600215769_01__210818.jpg
15,Classic,Parodontax,3.90,https://www.notino.co.uk/parodontax/classic-anti-bleeding-toothpaste-without-fluoride/,https://cdn.notinoimg.com/list_2k//parodontax/4047400392041_01-o__140428.jpg
16,Glo Professional White,White Glo,5.30,https://www.notino.co.uk/white-glo/charcoal-whitening-toothpaste/,https://cdn.notinoimg.com/list_2k//white-glo/9319871002152_01-o__231109.jpg
17,Propolis Healthy Gums,Colgate,1.20,https://www.notino.co.uk/colgate/propolis-healthy-gums-sensitive-toothpaste/,https://cdn.notinoimg.com/list_2k//colgate/6920354836039_01-o__230510.jpg
18,Plus Sensitive Teeth,Biorepair,4.70,https://www.notino.co.uk/biorepair/plus-sensitive-tooth-enamel-restoring-toothpaste-for-sensitive-teeth/,https://cdn.notinoimg.com/list_2k//biorepair/brpdsbw_ktps10_01__170410.jpg
19,Whitening,Opalescence,3.30,https://www.notino.co.uk/opalescence/original-formula-whitening-toothpaste-with-fluoride/,https://cdn.notinoimg.com/list_2k//opalescence/883205029492_01-o__160127.jpg
20,Kids 0-6,Biorepair,2.70,https://www.notino.co.uk/biorepair/junior-toothpaste-for-kids/,https://cdn.notinoimg.com/list_2k//biorepair/8017331035634_01-o__130828.jpg
21,Sensitivity & Gum,Sensodyne,4.80,https://www.notino.co.uk/sensodyne/sensitivity-gum-sensitive-toothpaste-577854/,https://cdn.notinoimg.com/list_2k//sensodyne/5054563157904_01-o__240514.jpg
22,Protect 7 Extra Fresh,Blend-a-med,1.30,https://www.notino.co.uk/blend-a-med/protect-7-extra-fresh-toothpaste-for-fresh-breath/,https://cdn.notinoimg.com/list_2k//blend-a-med/8001090717757_01-o__230221.jpg
23,Whitening Herbal,MEDIBLANC,8.70,https://www.notino.co.uk/mediblanc/whitening-herbal-herbal-toothpaste-with-whitening-effect/,https://cdn.notinoimg.com/list_2k//mediblanc/8059300538166-o__221027.jpg
24,Gum Protection,Meridol,2.30,https://www.notino.co.uk/meridol/meridol-anti-bleeding-toothpaste/,https://cdn.notinoimg.com/list_2k//meridol/8718951459885_01-o__220524.jpg
25,Sensitive,Elmex,7.00,https://www.notino.co.uk/elmex/sensitive-plus-cosmetic-set-i/,https://cdn.notinoimg.com/list_2k//elmex/8714789994208_01-o__240223.jpg
26,Advanced Intensive Night,Biorepair,4.70,https://www.notino.co.uk/biorepair/intensive-night-repair-night-care/,https://cdn.notinoimg.com/list_2k//biorepair/8017331064092_01-o__130724.jpg
27,Kids,Lavera,5.50,https://www.notino.co.uk/lavera/volume-strength-toothpaste-for-children/,https://cdn.notinoimg.com/list_2k//lavera/4021457629220_01-o__191002.jpg
28,The Mints Cinnamon,Marvis,3.50,https://www.notino.co.uk/marvis/cinnamon-mint-toothpaste/,https://cdn.notinoimg.com/list_2k//marvis/8004395111763_01-o__171120.jpg
29,Herbal Fresh,Parodontax,3.80,https://www.notino.co.uk/parodontax/herbal-fresh-anti-bleeding-toothpaste-764934/,https://cdn.notinoimg.com/list_2k//parodontax/5054563066138_01-o__200109.jpg
30,Triple Action Original Mint,Colgate,1.40,https://www.notino.co.uk/colgate/triple-action-duopack-toothpaste/,https://cdn.notinoimg.com/list_2k//colgate/6920354835971_01-o__230810.jpg
31,Max White Expert Original,Colgate,4.60,https://www.notino.co.uk/colgate/max-white-expert-white-whitening-toothpaste/,https://cdn.notinoimg.com/list_2k//colgate/7509546064857_01-o__221125.jpg
32,Complete Protection Extra Fresh,Parodontax,4.40,https://www.notino.co.uk/parodontax/complete-protection-extra-fresh-fluoride-toothpaste-for-healthy-teeth-and-gums/,https://cdn.notinoimg.com/list_2k//parodontax/5054563040596_01-o__180504.jpg
33,Repair & Protect,Sensodyne,5.30,https://www.notino.co.uk/sensodyne/repair-protect-toothpaste-for-sensitive-teeth-73385/,https://cdn.notinoimg.com/list_2k//sensodyne/5054563103567_01-o__210908.jpg
34,White Now Gold,Signal,3.70,https://www.notino.co.uk/signal/white-now-gold-toothpaste/,https://cdn.notinoimg.com/list_2k//signal/8720181327155_01-o__230411.jpg
35,The Mints Jasmin,Marvis,3.90,https://www.notino.co.uk/marvis/jasmin-mint-toothpaste/,https://cdn.notinoimg.com/list_2k//marvis/8004395111756_01-o__171120.jpg
36,Plus Total Protection,Biorepair,4.70,https://www.notino.co.uk/biorepair/plus-protect-tooth-enamel-fortifying-toothpaste/,https://cdn.notinoimg.com/list_2k//biorepair/brpprow_ktps45_01__170616.jpg
37,Pro White,Biorepair,4.00,https://www.notino.co.uk/biorepair/whitening-whitening-toothpaste/,https://cdn.notinoimg.com/list_2k//biorepair/brpwhiw_ktps45__130828.jpg
38,Complete Protect 7 Original,Blend-a-med,1.70,https://www.notino.co.uk/blend-a-med/complete-protect-7-original-toothpaste-for-complete-protection-of-teeth/,https://cdn.notinoimg.com/list_2k//blend-a-med/8006540391488_01-o__220816.jpg
39,Extra Whitening,Sensodyne,5.00,https://www.notino.co.uk/sensodyne/extra-whitening-whitening-toothpaste-with-fluoride-for-sensitive-teeth-394207/,https://cdn.notinoimg.com/list_2k//sensodyne/5054563039774_01-o__180406.jpg
40,The Mints Anise,Marvis,2.80,https://www.notino.co.uk/marvis/marvis-anise-mint-toothpaste/,https://cdn.notinoimg.com/list_2k//marvis/8004395111879_01-o__190911.jpg
41,Whitening,MEDIBLANC,6.80,https://www.notino.co.uk/mediblanc/whitening-toothpaste-with-whitening-effect/,https://cdn.notinoimg.com/list_2k//mediblanc/3760275386502-o__221107.jpg
42,Enzycal 1450,Curaprox,5.90,https://www.notino.co.uk/curaprox/enzycal-1450-toothpaste/,https://cdn.notinoimg.com/list_2k//curaprox/7612412070002_01-o__141218.jpg
43,White Now,Signal,3.20,https://www.notino.co.uk/signal/white-now-toothpaste-with-whitening-effect/,https://cdn.notinoimg.com/list_2k//signal/8717644461068_01-o__230106.jpg
44,Girls,Pink Elephant,5.60,https://www.notino.co.uk/pink-elephant/girls-gift-set-for-kids-pink/,https://cdn.notinoimg.com/list_2k//pink_elephant/8588006040425_01__211015.jpg
45,White Now Men Super Pure,Signal,3.50,https://www.notino.co.uk/signal/white-now-men-super-pure-toothpaste-for-men-with-whitening-effect/,https://cdn.notinoimg.com/list_2k//signal/8710908135835_01-o__230216.jpg
46,The Mints Aquatic,Marvis,3.90,https://www.notino.co.uk/marvis/aquatic-mint-toothpaste/,https://cdn.notinoimg.com/list_2k//marvis/8004395111725_01-o__171120.jpg
47,Sensitivity & Gum Whitening,Sensodyne,4.40,https://www.notino.co.uk/sensodyne/sensitivity-gum-whitening-whitening-toothpaste-for-protection-of-teeth-and-gums-577855/,https://cdn.notinoimg.com/list_2k//sensodyne/5054563050816_01-o__210908.jpg
48,Biomed Gum Health,Splat,3.60,https://www.notino.co.uk/splat/biomed-gum-health-organic-toothpaste/,https://cdn.notinoimg.com/list_2k//splat/2800015078395_01-o__220908.jpg
49,Healthy Gums,MEDIBLANC,10.50,https://www.notino.co.uk/mediblanc/healthy-gums-gum-protection-toothpaste/,https://cdn.notinoimg.com/list_2k//mediblanc/8059300530559-o__221027.jpg
50,Kids 6+,Curaprox,5.40,https://www.notino.co.uk/curaprox/kids-6-watermelon-toothpaste-for-children/,https://cdn.notinoimg.com/list_2k//curaprox/7612412429480_01-o__211122.jpg
51,Max White Sparkle Diamonds,Colgate,2.30,https://www.notino.co.uk/colgate/max-white-sparkle-diamonds-whitening-toothpaste-with-fluoride/,https://cdn.notinoimg.com/list_2k//colgate/8718951314795_01-o__200402.jpg
52,Fluoride,Sensodyne,4.00,https://www.notino.co.uk/sensodyne/fluoride-toothpaste-for-sensitive-teeth/,https://cdn.notinoimg.com/list_2k//sensodyne/4047400470350_01-o__140401.jpg
53,Be You,Curaprox,9.10,https://www.notino.co.uk/curaprox/be-you-rising-star-regenerative-toothpaste-with-whitening-effect/,https://cdn.notinoimg.com/list_2k//curaprox/7612412429503_01-o__220225.jpg
54,Dental Care,Weleda,4.90,https://www.notino.co.uk/weleda/dental-care-toothpaste-with-sea-salt/,https://cdn.notinoimg.com/list_2k//weleda/4001638098090_01-o__230809.jpg
55,Green Wild Strawberry Flavoured,Ecodenta,3.60,https://www.notino.co.uk/ecodenta/green-wild-strawberry-flavoured-kids-toothpaste-with-wild-strawberry-flavour-and-carrot-extract/,https://cdn.notinoimg.com/list_2k//ecodenta/4770001331743_01-o__160825.jpg
56,Sensitive Professional Repair & Prevent,Elmex,5.70,https://www.notino.co.uk/elmex/sensitive-professional-repair-prevent-sensitive-toothpaste-525836/,https://cdn.notinoimg.com/list_2k//elmex/8718951193765_01-o__190409.jpg
57,Professional Biocalcium,Splat,4.20,https://www.notino.co.uk/splat/professional-biocalcium-bio-active-toothpaste-for-enamel-regeneration-and-gentle-whitening/,https://cdn.notinoimg.com/list_2k//splat/7640168930059_01-o__220908.jpg
58,Optima,Apis Natural Cosmetics,3.90,https://www.notino.co.uk/apis-natural-cosmetics/optima-toothpaste-with-dead-sea-minerals/,https://cdn.notinoimg.com/list_2k//apis_natural_cosmetics/5901810041113_01-o__230906.jpg
59,Professional Choice,White Glo,0.70,https://www.notino.co.uk/white-glo/professional-choice-whitening-toothpaste-for-travelling/,https://cdn.notinoimg.com/list_2k//white-glo/9319871000189_01-o__210524.jpg
60,Opti-namel Seal & Strengthen,Elmex,5.60,https://www.notino.co.uk/elmex/opti-namel-seal-strengthen-toothpaste-dental-enamel-protection/,https://cdn.notinoimg.com/list_2k//elmex/7610108054824_01-o__230215.jpg
61,Dental Care,Weleda,3.90,https://www.notino.co.uk/weleda/dental-care/,https://cdn.notinoimg.com/list_2k//weleda/4001638081863_01-o__121109.jpg
62,Advanced White Charcoal,Colgate,1.70,https://www.notino.co.uk/colgate/advanced-white-charcoal-toothpaste-with-activated-charcoal/,https://cdn.notinoimg.com/list_2k//colgate/8718951253827_01-o__240229.jpg
63,Natural,Jack N’ Jill,4.80,https://www.notino.co.uk/jack-n-jill/natural-natural-toothpaste-for-kids-with-strawberry-flavour/,https://cdn.notinoimg.com/list_2k//jack-n-jill/9312657009017_01-o__230602.jpg
64,Natural Extracts Charcoal + White,Colgate,3.40,https://www.notino.co.uk/colgate/natural-extracts-charcoal-white-whitening-toothpaste-with-activated-charcoal/,https://cdn.notinoimg.com/list_2k//colgate/6920354822421_01-o__220801.jpg
65,Kids 0-6,Biorepair,2.70,https://www.notino.co.uk/biorepair/junior-toothpaste-for-children/,https://cdn.notinoimg.com/list_2k//biorepair/8017331069202_01-o__210205.jpg
66,Whitening Sensitivity Relief,Opalescence,3.30,https://www.notino.co.uk/opalescence/sensitivity-relief-whitening-toothpaste-for-sensitive-teeth/,https://cdn.notinoimg.com/list_2k//opalescence/883205029430_01-o__160513.jpg
67,Caries Protection,Elmex,4.60,https://www.notino.co.uk/elmex/caries-protection-toothpaste-without-menthol/,https://cdn.notinoimg.com/list_2k//elmex/4007965015557_01-o__221128.jpg
68,White Detox Coconut,BlanX,3.40,https://www.notino.co.uk/blanx/white-detox-coconut-whitening-toothpaste/,https://cdn.notinoimg.com/list_2k//blanx/8017331071540_01-o__210205.jpg
69,The Mints Classic Strong,Marvis,7.30,https://www.notino.co.uk/marvis/classic-strong-mint-toothpaste/,https://cdn.notinoimg.com/list_2k//marvis/8004395111701_01-o__171120.jpg
70,Max White White Crystals,Colgate,1.70,https://www.notino.co.uk/colgate/max-white-white-crystals-whitening-toothpaste/,https://cdn.notinoimg.com/list_2k//colgate/8718951313835_01-o__240229.jpg
71,Plus Parodontgel,Biorepair,4.70,https://www.notino.co.uk/biorepair/plus-parodontal-tooth-enamel-fortifying-toothpaste-to-treat-periodontitis/,https://cdn.notinoimg.com/list_2k//biorepair/brpprgw_ktps15_01__170410.jpg
72,Glo Express White,White Glo,5.30,https://www.notino.co.uk/white-glo/charcoal/,https://cdn.notinoimg.com/list_2k//white-glo/9319871002770_01-o__231109.jpg
73,Original,Truthpaste,7.40,https://www.notino.co.uk/truthpaste/original-natural-toothpaste/,https://cdn.notinoimg.com/list_2k//truthpaste/5060655080005_01-o__231127.jpg
74,Expert Black Whitening,Ecodenta,4.80,https://www.notino.co.uk/ecodenta/expert-extra-black-whitening-toothpaste/,https://cdn.notinoimg.com/list_2k//ecodenta/4770001336991_01-o__160825.jpg
75,The Mints Amarelli Licorice,Marvis,3.30,https://www.notino.co.uk/marvis/amarelli-licorice-toothpaste/,https://cdn.notinoimg.com/list_2k//marvis/8004395111749_01-o__171120.jpg
76,O3X Toothpaste,BlanX,5.60,https://www.notino.co.uk/blanx/o3x-oxygen-power-whitening-toothpaste/,https://cdn.notinoimg.com/list_2k//blanx/8017331065891_01-o__190919.jpg
77,Flavour Collection,Marvis,17.40,https://www.notino.co.uk/marvis/marvis-flavour-collection-cosmetic-set-iii/,https://cdn.notinoimg.com/list_2k//marvis/8004395111008_01-o__190904.jpg
78,ADS DNA 705,Curasept,5.90,https://www.notino.co.uk/curasept/ads-dna-705-gel-toothpaste/,https://cdn.notinoimg.com/list_2k//curasept/8056746073503_01-o__240503.jpg
79,Complete Protection Whitening,Sensodyne,4.40,https://www.notino.co.uk/sensodyne/complete-protection-whitening-whitening-toothpaste-5023271/,https://cdn.notinoimg.com/list_2k//sensodyne/5054563119698_01-o__220920.jpg
80,Desensitizing Enamel-Repair Shock Treatment,Biorepair,7.90,https://www.notino.co.uk/biorepair/desensibility-and-enamel-repair-treatment-cosmetic-set-i/,https://cdn.notinoimg.com/list_2k//biorepair/brpderw_kset10__150318.jpg
81,Whitening Mint,Marvis,7.30,https://www.notino.co.uk/marvis/whitening-mint-toothpaste-with-whitening-effect/,https://cdn.notinoimg.com/list_2k//marvis/8004395111718_01-o__171120.jpg
82,Parodont Expert,Meridol,6.50,https://www.notino.co.uk/meridol/parodont-expert-toothpaste-against-gum-bleeding-and-periodontal-disease-297934/,https://cdn.notinoimg.com/list_2k//meridol/8718951132771_01-o__230807.jpg
83,Plus Pro White,Biorepair,4.70,https://www.notino.co.uk/biorepair/plus-pro-white-whitening-toothpaste/,https://cdn.notinoimg.com/list_2k//biorepair/8017331055380_01-o__210301.jpg
84,Pro Expert Deep Clean,Oral B,2.70,https://www.notino.co.uk/oral-b/pro-expert-deep-clean-refreshing-toothpaste/,https://cdn.notinoimg.com/list_2k//oral-b/8700216106733_01-o__230904.jpg
85,Biomed Charcoal,Splat,3.80,https://www.notino.co.uk/splat/biomed-charcoal-whitening-toothpaste-with-activated-charcoal/,https://cdn.notinoimg.com/list_2k//splat/2800015078388_01-o__220908.jpg
86,24 h Caries Protection,Signal,1.70,https://www.notino.co.uk/signal/24-h-caries-protection-anti-decay-toothpaste/,https://cdn.notinoimg.com/list_2k//signal/8710522427323_01-o__221114.jpg
87,Professional Ultracomplex,Splat,4.80,https://www.notino.co.uk/splat/professional-ultracomplex-bio-active-toothpaste-for-complex-care-and-whitening-of-sensitive-teeth/,https://cdn.notinoimg.com/list_2k//splat/7640168930172_01-o__220909.jpg
88,Professional Medical Herbs,Splat,4.20,https://www.notino.co.uk/splat/professional-medical-herbs-bio-active-toothpaste-for-protection-of-teeth-and-gums/,https://cdn.notinoimg.com/list_2k//splat/7640168930097_01-o__220908.jpg
89,3D White Cool Water,Blend-a-med,1.60,https://www.notino.co.uk/blend-a-med/3d-white-cool-water-whitening-toothpaste/,https://cdn.notinoimg.com/list_2k//blend-a-med/8006540793138_01-o__230221.jpg
90,Expert Triple Force,Ecodenta,4.10,https://www.notino.co.uk/ecodenta/extra-toothpaste-with-triple-effect/,https://cdn.notinoimg.com/list_2k//ecodenta/4770001331903_01-o__160825.jpg
91,Pronamel Whitening,Sensodyne,5.00,https://www.notino.co.uk/sensodyne/pronamel-whitening-whitening-toothpaste-for-sensitive-teeth/,https://cdn.notinoimg.com/list_2k//sensodyne/5999518582021_01-o__230315.jpg
92,Pronamel Daily Protection,Sensodyne,3.20,https://www.notino.co.uk/sensodyne/pro-namel-toothpaste-dental-enamel-protecting/,https://cdn.notinoimg.com/list_2k//sensodyne/5999518572138_01-o__221027.jpg
93,Repair & Protect Whitening,Sensodyne,5.10,https://www.notino.co.uk/sensodyne/repair-protect-whitening-whitening-toothpaste-for-sensitive-teeth/,https://cdn.notinoimg.com/list_2k//sensodyne/5054563103680_01-o__210908.jpg
94,Protect 7 Crystal White,Blend-a-med,1.60,https://www.notino.co.uk/blend-a-med/protect-7-crystal-white-toothpaste-for-complete-protection-of-teeth/,https://cdn.notinoimg.com/list_2k//blend-a-med/8006540390917_01-o__220816.jpg
95,Daily White,Signal,1.40,https://www.notino.co.uk/signal/daily-white-toothpaste-with-whitening-effect/,https://cdn.notinoimg.com/list_2k//signal/sigdlwu_ktps20__150511.jpg
96,Biomed Calcimax,Splat,3.60,https://www.notino.co.uk/splat/biomed-calcimax-tooth-enamel-fortifying-toothpaste-with-seaweed-extracts/,https://cdn.notinoimg.com/list_2k//splat/2800015078340_01-o__220908.jpg
97,Glo Charcoal,White Glo,4.80,https://www.notino.co.uk/white-glo/charcoal-deep-stain-remover-whitening-toothpaste-with-activated-charcoal/,https://cdn.notinoimg.com/list_2k//white-glo/9319871002169_01-o__231109.jpg
98,ADS DNA 712,Curasept,5.90,https://www.notino.co.uk/curasept/ads-dna-712-gel-toothpaste/,https://cdn.notinoimg.com/list_2k//curasept/8056746073497_01-o__240503.jpg
99,Sensitive Professional Gentle Whitening,Elmex,5.00,https://www.notino.co.uk/elmex/sensitive-professional-gentle-whitening-whitening-toothpaste-for-sensitive-teeth/,https://cdn.notinoimg.com/list_2k//elmex/8718951070905_11-o__160804.jpg
100,Anti-Caries Professional,Elmex,5.30,https://www.notino.co.uk/elmex/anti-caries-professional-anti-decay-toothpaste/,https://cdn.notinoimg.com/list_2k//elmex/8718951279551_01-o__220203.jpg
101,Whitening,BlanX,3.40,https://www.notino.co.uk/blanx/whitening-whitening-toothpaste/,https://cdn.notinoimg.com/list_2k//blanx/8017331051474_01-o__210205.jpg
102,Natural Toothpaste Sensitive,BEN&ANNA,5.90,https://www.notino.co.uk/benanna/natural-toothpaste-sensitive-sensitive-toothpaste/,https://cdn.notinoimg.com/list_2k//benanna/4260491220523_01-o__221101.jpg
103,Gum Protection Whitening,Meridol,4.10,https://www.notino.co.uk/meridol/dental-care-whitening-toothpaste/,https://cdn.notinoimg.com/list_2k//meridol/8718951560352_01-o__230807.jpg
104,The Mints Ginger,Marvis,3.20,https://www.notino.co.uk/marvis/ginger-mint-toothpaste/,https://cdn.notinoimg.com/list_2k//marvis/8004395111732_01-o__171120.jpg
105,Bleaching Toothpaste for Smokers,Perl Weiss,4.20,https://www.notino.co.uk/perl-weiss/bleaching-toothpaste-for-smokers-whitening-toothpaste-for-smokers/,https://cdn.notinoimg.com/list_2k//perl_weiss/4008890008928_01__240111.jpg
106,Pronamel Junior,Sensodyne,2.30,https://www.notino.co.uk/sensodyne/pro-namel-toothpaste-junior/,https://cdn.notinoimg.com/list_2k//sensodyne/8590335006812_01-o__140401.jpg
107,Extreme Whitening,Swissdent,12.00,https://www.notino.co.uk/swissdent/extreme-whitening-toothpaste/,https://cdn.notinoimg.com/list_2k//swissdent/7640126190037_01-o__121205.jpg
108,Sensitive Professional,Elmex,5.00,https://www.notino.co.uk/elmex/sensitive-professional-toothpaste-for-sensitive-teeth-73517/,https://cdn.notinoimg.com/list_2k//elmex/7610108047536_01-o__140526.jpg
109,Complete Protection Whitening,Parodontax,6.00,https://www.notino.co.uk/parodontax/complete-protection-whitening-whitening-toothpaste-with-fluoride/,https://cdn.notinoimg.com/list_2k//parodontax/5054563039095_01-o__180504.jpg
110,Kids 3+ Years,Colgate,1.90,https://www.notino.co.uk/colgate/kids-3-years-toothpaste-for-children-aged-3-6-years-with-fluoride/,https://cdn.notinoimg.com/list_2k//colgate/8718951321434_01-o__200212.jpg
111,Black,BlanX,3.40,https://www.notino.co.uk/blanx/black-whitening-toothpaste-with-activated-charcoal/,https://cdn.notinoimg.com/list_2k//blanx/8017331053386_01-o__210211.jpg
112,Max White Purple Reveal,Colgate,3.40,https://www.notino.co.uk/colgate/max-white-purple-reveal-refreshing-toothpaste-6843139/,https://cdn.notinoimg.com/list_2k//colgate/8718951540033_01-o__230130.jpg
113,Biosmalto Baby-Kid,Curasept,6.40,https://www.notino.co.uk/curasept/biosmalto-baby-kid-toothpaste-for-children-with-fluoride/,https://cdn.notinoimg.com/list_2k//curasept/8056746071202_01-o__220203.jpg
114,Whitening Smokers Mint,Marvis,8.50,https://www.notino.co.uk/marvis/smokers-whitening-mint-whitening-toothpaste-for-smokers/,https://cdn.notinoimg.com/list_2k//marvis/8004395111817_01-o__200211.jpg
115,Repair & Protect Extra Fresh,Sensodyne,6.40,https://www.notino.co.uk/sensodyne/repair-protect-extra-fresh-toothpaste-for-protection-of-teeth-and-gums/,https://cdn.notinoimg.com/list_2k//sensodyne/5054563103482_01-o__210908.jpg
116,Max White Expert Micellar,Colgate,4.80,https://www.notino.co.uk/colgate/max-white-expert-micellar-whitening-toothpaste/,https://cdn.notinoimg.com/list_2k//colgate/8718951411043_01-o__221125.jpg
117,Kids,Signal,2.70,https://www.notino.co.uk/signal/kids-toothpaste-for-kids/,https://cdn.notinoimg.com/list_2k//signal/8712561103077_01-o__221115.jpg
118,Biomed Superwhite,Splat,3.80,https://www.notino.co.uk/splat/biomed-superwhite-reinforcing-toothpaste-with-coconut-oil/,https://cdn.notinoimg.com/list_2k//splat/2800015078357_01-o__220908.jpg
119,Ultra Clean,Parodontax,4.60,https://www.notino.co.uk/parodontax/ultra-clean-toothpaste-against-gum-bleeding-and-periodontal-disease/,https://cdn.notinoimg.com/list_2k//parodontax/5054563011251_01-o__160422.jpg
120,Sensitive Whitening,Ecodenta,4.10,https://www.notino.co.uk/ecodenta/expert-black-whitening-whitening-toothpaste-for-sensitive-teeth/,https://cdn.notinoimg.com/list_2k//ecodenta/4770001003206_01-o__210809.jpg
121,Natural White,Sensodyne,5.00,https://www.notino.co.uk/sensodyne/natural-white-natural-toothpaste-with-fluoride/,https://cdn.notinoimg.com/list_2k//sensodyne/5054563121226_01-o__220601.jpg
122,Pro Expert Advanced,Oral B,3.40,https://www.notino.co.uk/oral-b/pro-expert-advanced-toothpaste-against-tooth-decay/,https://cdn.notinoimg.com/list_2k//oral-b/8700216106702_01-o__230904.jpg
123,Natural Toothpaste White Fluoride,BEN&ANNA,6.40,https://www.notino.co.uk/benanna/natural-toothpaste-white-fluoride-whitening-toothpaste-with-fluoride/,https://cdn.notinoimg.com/list_2k//benanna/4260491220943_01.-o__221101.jpg
124,Caries Protection,Elmex,8.10,https://www.notino.co.uk/elmex/caries-protection-cosmetic-set-i/,https://cdn.notinoimg.com/list_2k//elmex/8714789994185_01-o__230109.jpg
125,Advanced Active Shield,Biorepair,4.70,https://www.notino.co.uk/biorepair/advanced-active-shield-toothpaste/,https://cdn.notinoimg.com/list_2k//biorepair/8017331064078_01-o__210205.jpg
126,Kids 2+,Curaprox,5.90,https://www.notino.co.uk/curaprox/kids-2-strawberry-toothpaste-for-children/,https://cdn.notinoimg.com/list_2k//curaprox/7612412429473_01-o__220225.jpg
127,Total Original,Colgate,2.50,https://www.notino.co.uk/colgate/total-original-toothpaste/,https://cdn.notinoimg.com/list_2k//colgate/8718951226715_01-o__230529.jpg
128,Professional Sensitive,Splat,4.30,https://www.notino.co.uk/splat/special-organic-sensitive-toothpaste/,https://cdn.notinoimg.com/list_2k//splat/7640168930257_01-o__231128.jpg
129,Lasting Freshness,Blend-a-med,1.70,https://www.notino.co.uk/blend-a-med/lasting-freshness-refreshing-toothpaste/,https://cdn.notinoimg.com/list_2k//blend-a-med/8006540391365_01-o__220816.jpg
130,Super +,Ecodenta,2.20,https://www.notino.co.uk/ecodenta/super-natural-toothpaste-for-kids/,https://cdn.notinoimg.com/list_2k//ecodenta/4770001334591_01__220606.jpg
131,Limited Edition Black is White,Curaprox,15.80,https://www.notino.co.uk/curaprox/limited-edition-black-is-white-travel-setfor-teeth-tongue-and-gums/,https://cdn.notinoimg.com/list_2k//curaprox/7612412430332_01__231211.jpg
132,Integral 8 Actions,Signal,2.00,https://www.notino.co.uk/signal/integral-8-toothpaste/,https://cdn.notinoimg.com/list_2k//signal/8720181117640_01-o__210611.jpg
133,Biomed Sensitive,Splat,3.70,https://www.notino.co.uk/splat/biomed-sensitive-bioactive-toothpaste-for-healthy-gums-and-teeth-sensitivity-reduction/,https://cdn.notinoimg.com/list_2k//splat/2800015078371_01-o__220908.jpg
134,Dental Care,Weleda,5.10,https://www.notino.co.uk/weleda/dental-care-toothpaste-to-treat-bleeding-gums/,https://cdn.notinoimg.com/list_2k//weleda/4001638098083_01-o__211012.jpg
135,Professional White Plus,Splat,3.90,https://www.notino.co.uk/splat/professional-white-plus-bio-active-toothpaste-for-gentle-teeth-whitening-and-enamel-protection/,https://cdn.notinoimg.com/list_2k//splat/7640168930134_01-o__220908.jpg
136,Enamel Regeneration,Oral B,4.70,https://www.notino.co.uk/oral-b/professional-regenerate-enamel-daily-protection-toothpaste-for-tooth-enamel-reinforcement/,https://cdn.notinoimg.com/list_2k//oral-b/8001090247544_01-o__221031.jpg
137,Black Forest,Marvis,6.00,https://www.notino.co.uk/marvis/marvis-black-forest-toothpaste/,https://cdn.notinoimg.com/list_2k//marvis/8004395111633_01-o__190911.jpg
138,Gum Protection Toothpaste,Biorepair,4.00,https://www.notino.co.uk/biorepair/oral-care-gum-protection-gum-protection-toothpaste/,https://cdn.notinoimg.com/list_2k//biorepair/8017331054192_01-o__210825.jpg
139,Perfect White Extreme White,Beverly Hills Formula,9.70,https://www.notino.co.uk/beverly-hills-formula/perfect-white-extreme-white-fluoride-toothpastes/,https://cdn.notinoimg.com/list_2k//beverly-hills-formula/5020105003664_01-o__220818.jpg
140,Gum And Sens Original,Parodontax,6.00,https://www.notino.co.uk/parodontax/gum-and-sens-original-complex-protection-toothpaste-for-fresh-breath/,https://cdn.notinoimg.com/list_2k//parodontax/5054563120410_01-o__220427.jpg
141,Enzycal 950,Curaprox,5.40,https://www.notino.co.uk/curaprox/enzycal-950-toothpaste/,https://cdn.notinoimg.com/list_2k//curaprox/7612412422436_01-o__150224.jpg
142,Max White Luminous,Colgate,3.30,https://www.notino.co.uk/colgate/max-white-luminous-toothpaste-for-pearly-white-teeth/,https://cdn.notinoimg.com/list_2k//colgate/8714789867274_01-o__221128.jpg
143,Caries Protection Whitening,Elmex,3.90,https://www.notino.co.uk/elmex/caries-protection-whitening-whitening-toothpaste-with-fluoride/,https://cdn.notinoimg.com/list_2k//elmex/8718951240858_11-o__190416.jpg
144,Kids Mild Mint,Truthpaste,7.40,https://www.notino.co.uk/truthpaste/kids-mild-mint-natural-toothpaste-for-kids-mint/,https://cdn.notinoimg.com/list_2k//truthpaste/5060655080067_01-o__231127.jpg
145,Certified Organic Multifunctional with Hemp,Ecodenta,3.20,https://www.notino.co.uk/ecodenta/certified-organic-multifunctional-with-hemp-organic-toothpaste/,https://cdn.notinoimg.com/list_2k//ecodenta/4770001002186_01-o__220613.jpg
146,Dental Care,Weleda,5.10,https://www.notino.co.uk/weleda/dental-care-dental-gel/,https://cdn.notinoimg.com/list_2k//weleda/4001638086554_01-o__230809.jpg
147,Advanced Senitivity,Biorepair,5.10,https://www.notino.co.uk/biorepair/advanced-senitivity-sensitive-toothpaste-for-protection-of-teeth-and-gums/,https://cdn.notinoimg.com/list_2k//biorepair/8017331077849_01-o__230906.jpg
148,Naturaverde Oral Care Set,Be a Unicorn,14.10,https://www.notino.co.uk/be-a-unicorn/naturaverde-oral-care-set-gift-setfor-kids/,https://cdn.notinoimg.com/list_2k//be_a_unicorn/8029241134130_01-o__230517.jpg
149,Extra Fresh and Remineralising,Ecodenta,2.80,https://www.notino.co.uk/ecodenta/extra-fresh-and-remineralising-remineralising-toothpaste/,https://cdn.notinoimg.com/list_2k//ecodenta/4770001004913_01__220606.jpg
150,Natural Toothpaste White,BEN&ANNA,6.40,https://www.notino.co.uk/benanna/natural-toothpaste-white-whitening-toothpaste/,https://cdn.notinoimg.com/list_2k//benanna/4260491220516_01-o__221101.jpg
151,Integral 8 Natural Elements,Signal,2.00,https://www.notino.co.uk/signal/integral-8-natural-elements-toothpaste/,https://cdn.notinoimg.com/list_2k//signal/8710447328095_01-o__221019.jpg
152,Toothpaste 1-5 years,Chicco,4.20,https://www.notino.co.uk/chicco/toothpaste-1-5-years-toothpaste-for-children/,https://cdn.notinoimg.com/list_2k//chicco/8003670743651_01-o__231113.jpg
153,Nourish Healthy White,Sensodyne,6.00,https://www.notino.co.uk/sensodyne/nourish-healthy-white-bioactive-toothpaste-with-fluoride/,https://cdn.notinoimg.com/list_2k//sensodyne/5054563120175_01-o__220601.jpg
154,3D White Arctic Fresh,Blend-a-med,1.60,https://www.notino.co.uk/blend-a-med/3d-white-arctic-fresh-whitening-toothpaste/,https://cdn.notinoimg.com/list_2k//blend-a-med/8006540793039_01-o__230221.jpg
155,Travel Kit,Minions,3.60,https://www.notino.co.uk/minions/travel-kit-dental-care-set-3yfor-kids/,https://cdn.notinoimg.com/list_2k//minions/8032979437992_01-o__220902.jpg
156,Extra White & Fresh,Blend-a-med,2.10,https://www.notino.co.uk/blend-a-med/extra-white-fresh-refreshing-toothpaste/,https://cdn.notinoimg.com/list_2k//blend-a-med/8006540391525_01-o__220816.jpg
157,Travel Kit,White Glo,2.30,https://www.notino.co.uk/white-glo/travel-kit-travel-set-bluefor-teeth/,https://cdn.notinoimg.com/list_2k//white-glo/9319871000356_01-o__220624.jpg
158,Natural Toothpaste Tablets with Fluoride,Denttabs,5.40,https://www.notino.co.uk/denttabs/natural-toothpaste-tablets-with-fluoride-fluoride-toothpaste-in-tablets/,https://cdn.notinoimg.com/list_2k//denttabs/4260066813006_01-o__231115.jpg
159,Black is White,Curaprox,19.00,https://www.notino.co.uk/curaprox/black-is-white/,https://cdn.notinoimg.com/list_2k//curaprox/7612412423822_01-o__170127.jpg
160,Toothpaste Life's a Beach,HAAN,6.10,https://www.notino.co.uk/haan/toothpaste-lifes-a-beach-fluoride-free-toothpaste-refillable/,https://cdn.notinoimg.com/list_2k//haan/5060917120081_01-o__220405.jpg
161,Coconut Oil Shine,White Glo,5.60,https://www.notino.co.uk/white-glo/coconut-oil-shine-whitening-toothpaste-with-brush/,https://cdn.notinoimg.com/list_2k//white-glo/9319871001131_01-o__211129.jpg
162,Colour Surprise,Ecodenta,3.50,https://www.notino.co.uk/ecodenta/expert-black-whitening-toothpaste-for-children-against-dental-caries/,https://cdn.notinoimg.com/list_2k//ecodenta/4770001002490_01-o__210809.jpg
163,Certified Organic Anti-plaque,Ecodenta,3.90,https://www.notino.co.uk/ecodenta/expert-black-whitening-anti-plaque-toothpaste-for-healthy-gums-with-coconut-oil/,https://cdn.notinoimg.com/list_2k//ecodenta/4770001002155_01-o__210809.jpg
164,Sensitive Plus Complete Protection,Elmex,6.50,https://www.notino.co.uk/elmex/sensitive-plus-complete-protection-reinforcing-toothpaste-6058209/,https://cdn.notinoimg.com/list_2k//elmex/8718951501904_01-o__220627.jpg
165,Sensitive CBD,Ecodenta,3.20,https://www.notino.co.uk/ecodenta/sensitive-cbd-bioactive-toothpaste-with-cbd/,https://cdn.notinoimg.com/list_2k//ecodenta/4770001005811_01-o__230105.jpg
166,Gingival Set,Vitis,10.10,https://www.notino.co.uk/vitis/gingival-gift-set/,https://cdn.notinoimg.com/list_2k//vitis/2800010517943_01-o__220926.jpg
167,Special Extreme White,Splat,6.90,https://www.notino.co.uk/splat/special-extreme-white-whitening-toothpaste/,https://cdn.notinoimg.com/list_2k//splat/7640168930271_01-o__220908.jpg
168,Charcoal,Truthpaste,7.40,https://www.notino.co.uk/truthpaste/charcoal-natural-toothpaste/,https://cdn.notinoimg.com/list_2k//truthpaste/5060655080128_01-o__231127.jpg
169,Baby Shark,Corsair,2.00,https://www.notino.co.uk/corsair/baby-shark-toothpaste-for-children/,https://cdn.notinoimg.com/list_2k//corsair/5013692251235_01__231002.jpg
170,Micro-Granules,Signal,2.10,https://www.notino.co.uk/signal/micro-granules-toothpaste/,https://cdn.notinoimg.com/list_2k//signal/sigmrcu_ktps10__150511.jpg
171,Max White Limited Edition,Colgate,2.10,https://www.notino.co.uk/colgate/max-white-limited-edition-refreshing-toothpaste-limited-edition/,https://cdn.notinoimg.com/list_2k//colgate/8718951372498_01-o__230130.jpg
172,Ewa Chodakowska Sensitive Papaya & Mint,beBIO,3.40,https://www.notino.co.uk/bebio/ewa-chodakowska-sensitive-papaya-natural-paste-for-sensitive-teeth/,https://cdn.notinoimg.com/list_2k//bebio/5908233661348_01-o__220824.jpg
173,Girls,Pink Elephant,1.00,https://www.notino.co.uk/pink-elephant/girls-toothpaste-for-kids/,https://cdn.notinoimg.com/list_2k//pink_elephant/8588006040913_01__230116.jpg
174,Max White Ultra Multi Protect,Colgate,5.70,https://www.notino.co.uk/colgate/max-white-ultra-multi-protect-whitening-toothpaste/,https://cdn.notinoimg.com/list_2k//colgate/8718951563544_01-o__230630.jpg
175,Orange Blossom Bloom,Marvis,6.40,https://www.notino.co.uk/marvis/marvis-orange-blossom-bloom-toothpaste/,https://cdn.notinoimg.com/list_2k//marvis/8004395111626_01-o__190911.jpg
176,Rapid,Sensodyne,5.00,https://www.notino.co.uk/sensodyne/rapid-fluoride-toothpastes-for-sensitive-teeth/,https://cdn.notinoimg.com/list_2k//sensodyne/8596149002385_01-o__180406.jpg
177,Toothpaste 6-24 months,Chicco,4.20,https://www.notino.co.uk/chicco/toothpaste-6-24-months-toothpaste-for-children/,https://cdn.notinoimg.com/list_2k//chicco/8003670743637_01-o__220624.jpg
178,3D White Luxe Perfection,Blend-a-med,3.20,https://www.notino.co.uk/blend-a-med/3d-white-luxe-perfection-whitening-toothpaste-against-stains-on-tooth-enamel/,https://cdn.notinoimg.com/list_2k//blend-a-med/4084500743847_01-o__240426.jpg
179,Natural,Jack N’ Jill,4.70,https://www.notino.co.uk/jack-n-jill/natural/,https://cdn.notinoimg.com/list_2k//jack-n-jill/9312657008027_01-o__230602.jpg
180,White+ Toothpaste,WOOM,5.00,https://www.notino.co.uk/woom/white-toothpaste-whitening-toothpaste/,https://cdn.notinoimg.com/list_2k//woom/8420075180315_01-o__220629.jpg
181,Organic Kids Certified Organic Juicy Fruit,Ecodenta,3.50,https://www.notino.co.uk/ecodenta/organic-kids-certified-organic-juicy-fruit-toothpaste-for-children/,https://cdn.notinoimg.com/list_2k//ecodenta/4770001001400_01-o__211110.jpg
182,Enzycal Zero,Curaprox,5.40,https://www.notino.co.uk/curaprox/enzycal-zero-toothpaste/,https://cdn.notinoimg.com/list_2k//curaprox/7612412422849_01-o__150224.jpg
183,Toothpaste Good On Ya,HAAN,5.90,https://www.notino.co.uk/haan/toothpaste-good-on-ya-fluoride-toothpaste-refillable/,https://cdn.notinoimg.com/list_2k//haan/5060669781066_01-o__230515.jpg
184,Eco Toothpaste,Woobamboo,4.50,https://www.notino.co.uk/woobamboo/eco-toothpaste-toothpaste-for-children/,https://cdn.notinoimg.com/list_2k//woobamboo/860002270500_01-o__220727.jpg
185,Peribioma Pro,Biorepair,4.70,https://www.notino.co.uk/biorepair/peribioma-pro-toothpaste-for-sensitive-teeth/,https://cdn.notinoimg.com/list_2k//biorepair/8017331064115_01-o__220530.jpg
186,Always Smiling 12m+,Chicco,11.90,https://www.notino.co.uk/chicco/always-smiling-12m-dental-care-set-bluefor-kids/,https://cdn.notinoimg.com/list_2k//chicco/8058664022663_01__220712.jpg
187,Sensi-Relief,MEDIBLANC,10.40,https://www.notino.co.uk/mediblanc/sensi-relief-toothpaste-for-sensitive-teeth/,https://cdn.notinoimg.com/list_2k//mediblanc/3760275382412-o__221027.jpg
188,Toothpaste,L.O.L. Surprise,2.10,https://www.notino.co.uk/ep-line/lol-toothpaste-for-children-with-strawberry-flavour/,https://cdn.notinoimg.com/list_2k//ep-line/8412428014040_01-o__210413.jpg
189,Smokers,DentYucral,3.50,https://www.notino.co.uk/dentyucral/smokers-whitening-tooth-powder/,https://cdn.notinoimg.com/list_2k//dentyucral/8470002079106_01-o__220818.jpg
190,Dental Care,Weleda,5.10,https://www.notino.co.uk/weleda/dental-care-toothpaste/,https://cdn.notinoimg.com/list_2k//weleda/4001638098014_01-o__211012.jpg
191,Rapid Whitening,Sensodyne,12.40,https://www.notino.co.uk/sensodyne/rapid-whitening-whitening-toothpaste-for-sensitive-teeth-755952/,https://cdn.notinoimg.com/list_2k//sensodyne/2000012592935_01-o__210908.jpg
192,Cool Spearmint,Signal,1.00,https://www.notino.co.uk/signal/cool-spearmint-mint-toothpaste/,https://cdn.notinoimg.com/list_2k//signal/8720181111303_01-o__221114.jpg
193,Diamond Series,White Glo,15.70,https://www.notino.co.uk/white-glo/diamond-series-teeth-whitening-kit/,https://cdn.notinoimg.com/list_2k//white-glo/9319871000790_01-o__210524.jpg
194,ADS Soothing,Curasept,5.90,https://www.notino.co.uk/curasept/ads-soothing-soothing-toothpaste-with-gel-texture/,https://cdn.notinoimg.com/list_2k//curasept/8056746070236_01-o__220203.jpg
195,Total Whitening,Colgate,2.60,https://www.notino.co.uk/colgate/total-whitening-whitening-toothpaste-584257/,https://cdn.notinoimg.com/list_2k//colgate/8718951226807_01-o__221125.jpg
196,Natural Extracts Aloe Vera,Colgate,3.00,https://www.notino.co.uk/colgate/natural-extracts-aloe-vera-herbal-toothpaste/,https://cdn.notinoimg.com/list_2k//colgate/6920354835834_01-o__230630.jpg
197,Gum And Sens Whitening,Parodontax,6.00,https://www.notino.co.uk/parodontax/gum-and-sens-whitening-whitening-toothpaste-for-teeth-5023272/,https://cdn.notinoimg.com/list_2k//parodontax/5054563120434_01-o__220427.jpg
198,Sweet & Sour Rhubarb,Marvis,5.90,https://www.notino.co.uk/marvis/marvis-sweet-sour-rhubarb-toothpaste/,https://cdn.notinoimg.com/list_2k//marvis/8004395111640_01-o__190911.jpg
199,Max White Charcoal,Colgate,3.30,https://www.notino.co.uk/colgate/max-white-charcoal-whitening-toothpaste/,https://cdn.notinoimg.com/list_2k//colgate/8590232000722_01-o__221128.jpg
200,Boys,Pink Elephant,0.90,https://www.notino.co.uk/pink-elephant/boys-toothpaste-for-kids/,https://cdn.notinoimg.com/list_2k//pink_elephant/8588006040906_01__230116.jpg
201,Max White Ultra Active Foam,Colgate,5.30,https://www.notino.co.uk/colgate/max-white-ultra-active-foam-whitening-toothpaste/,https://cdn.notinoimg.com/list_2k//colgate/8718951504752_01-o__240229.jpg
202,Toothpaste Wild Berry,BEN&ANNA,4.10,https://www.notino.co.uk/benanna/toothpaste-wild-berry-natural-toothpaste/,https://cdn.notinoimg.com/list_2k//benanna/4260491223036_01-o__230331.jpg
203,Crystal Repair and Remineralisation,Swissdent,16.60,https://www.notino.co.uk/swissdent/crystal-whitening-toothpaste/,https://cdn.notinoimg.com/list_2k//swissdent/7640126190655_01-o__220105.jpg
204,Natural Toothpaste Black,BEN&ANNA,5.30,https://www.notino.co.uk/benanna/natural-toothpaste-black-toothpaste-with-activated-charcoal/,https://cdn.notinoimg.com/list_2k//benanna/4260491220509_01-o__221101.jpg
205,All In One,Yotuel,13.80,https://www.notino.co.uk/yotuel/all-in-one-dental-whitening-cream/,https://cdn.notinoimg.com/list_2k//yotuel/yotaiow_ktps20__150428.jpg
206,Sensitive+ Toothpaste,WOOM,5.30,https://www.notino.co.uk/woom/sensitive-toothpaste-sensitive-toothpaste/,https://cdn.notinoimg.com/list_2k//woom/4751033920235_01-o__220629.jpg
207,Professional Enamel Regeneration,Oral B,3.90,https://www.notino.co.uk/oral-b/professional-regenerate-enamel-gentle-whitening-whitening-toothpaste/,https://cdn.notinoimg.com/list_2k//oral-b/8001090247582_01-o__220817.jpg
208,Daycare Protection Booster Herbal,Curasept,6.20,https://www.notino.co.uk/curasept/daycare-protection-booster-herbal-gel-toothpaste/,https://cdn.notinoimg.com/list_2k//curasept/8056746073299_01-o__230511.jpg
209,White Now Time Correct,Signal,4.10,https://www.notino.co.uk/signal/white-now-time-correct-toothpaste/,https://cdn.notinoimg.com/list_2k//signal/8720181327186_01-o__230503.jpg
210,Toothpaste,Jack N’ Jill,4.40,https://www.notino.co.uk/jack-n-jill/toothpaste-natural-toothpaste-for-kids/,https://cdn.notinoimg.com/list_2k//jack-n-jill/9312657108031_01__210924.jpg
211,Aligner,Curaprox,20.90,https://www.notino.co.uk/curaprox/aligner-nourishing-protective-foam/,https://cdn.notinoimg.com/list_2k//curaprox/7612412431353_01-o__240411.jpg
212,White Now Detox Charcoal,Signal,3.50,https://www.notino.co.uk/signal/white-now-detox-charcoal-whitening-toothpaste-with-activated-charcoal/,https://cdn.notinoimg.com/list_2k//signal/8710604754200_01-o__200217.jpg
213,Activital Q10,G.U.M,5.50,https://www.notino.co.uk/gum/activital-q10-complex-protection-toothpaste-against-bad-breath/,https://cdn.notinoimg.com/list_2k//gum/gumacqw_ktps10_01__170328.jpg
214,Max White Optic,Colgate,3.40,https://www.notino.co.uk/colgate/max-white-one-optic-whitening-toothpaste-with-immediate-effect/,https://cdn.notinoimg.com/list_2k//colgate/8714789928425_01-o__221128.jpg
215,Oral Care Toothpaste,Chicco,3.30,https://www.notino.co.uk/chicco/oral-care-toothpaste-for-children-12m/,https://cdn.notinoimg.com/list_2k//chicco/cicorad_ktps10_01__150803.jpg
216,Toothpaste Cinnamon Orange,BEN&ANNA,3.70,https://www.notino.co.uk/benanna/toothpaste-cinnamon-orange-natural-toothpaste/,https://cdn.notinoimg.com/list_2k//benanna/4260491223067_01-o__230331.jpg
217,Gentle,Swissdent,7.40,https://www.notino.co.uk/swissdent/gentle-toothpaste/,https://cdn.notinoimg.com/list_2k//swissdent/7640126190020_01-o_02__130304.jpg
218,Boys,Pink Elephant,5.70,https://www.notino.co.uk/pink-elephant/boys-gift-set-for-kids-green/,https://cdn.notinoimg.com/list_2k//pink_elephant/8588006040418_01__211015.jpg
219,Ortho,G.U.M,3.80,https://www.notino.co.uk/gum/ortho-toothpaste-user-fixed-braces/,https://cdn.notinoimg.com/list_2k//gum/gumortw_ktps40_01__151102.jpg
220,Green Brilliant Whitening,Ecodenta,4.00,https://www.notino.co.uk/ecodenta/green-brilliant-whitening-whitening-toothpaste-for-fresh-breath/,https://cdn.notinoimg.com/list_2k//ecodenta/4770001333808_01-o__170112.jpg
221,Spiderman Travel Kit,Marvel,3.40,https://www.notino.co.uk/marvel/spiderman-travel-kit-dental-care-set-for-kids/,https://cdn.notinoimg.com/list_2k//marvel/8032979436902_01__220725.jpg
222,Perfect White Gold,Beverly Hills Formula,8.50,https://www.notino.co.uk/beverly-hills-formula/perfect-white-gold/,https://cdn.notinoimg.com/list_2k//beverly-hills-formula/bevpwgw_ktps10_01__160503.jpg
223,Professional Gum Intensive Care & Bacteria Guard,Oral B,3.60,https://www.notino.co.uk/oral-b/professional-gum-intensive-care-bacteria-guard-herbal-toothpaste/,https://cdn.notinoimg.com/list_2k//oral-b/8001841182674_01-o__220701.jpg
224,Natural White Charcoal Whitening,Beverly Hills Formula,9.40,https://www.notino.co.uk/beverly-hills-formula/natural-white-whitening-toothpaste-with-activated-charcoal/,https://cdn.notinoimg.com/list_2k//beverly-hills-formula/5020105003923_01-o__220912.jpg
225,Applemint,Brush Baby,3.30,https://www.notino.co.uk/brush-baby/applemint-toothpaste-for-children/,https://cdn.notinoimg.com/list_2k//brush_baby/5060178100587_01-o__230613.jpg
226,3D White Delicate White,Blend-a-med,2.00,https://www.notino.co.uk/blend-a-med/3d-white-delicate-white-whitening-toothpaste/,https://cdn.notinoimg.com/list_2k//blend-a-med/8006540793183_01-o__230221.jpg
227,Kids Peach,WOOM,3.80,https://www.notino.co.uk/woom/kids-peach-toothpaste-for-children/,https://cdn.notinoimg.com/list_2k//woom/4751033920105_01-o__220629.jpg
228,Supreme,iWhite,8.10,https://www.notino.co.uk/iwhite/supreme-whitening-toothpaste/,https://cdn.notinoimg.com/list_2k//iwhite/5425012534674_01-o__210823.jpg
229,Max Clean Mineral Scrub,Colgate,2.60,https://www.notino.co.uk/colgate/max-clean-mineral-scrub-gel-toothpaste-for-fresh-breath/,https://cdn.notinoimg.com/list_2k//colgate/8718951327085_01-o__200602.jpg
230,Instant White,White Glo,5.10,https://www.notino.co.uk/white-glo/instant-white-dental-care-set/,https://cdn.notinoimg.com/list_2k//white-glo/93198714001407_01-o__220818.jpg
231,Tutti Frutti,Brush Baby,4.10,https://www.notino.co.uk/brush-baby/tutti-frutti-toothpaste-for-children-from-36-months/,https://cdn.notinoimg.com/list_2k//brush_baby/5060178100143_01-o__230613.jpg
232,Max Fresh Cooling Crystals,Colgate,2.20,https://www.notino.co.uk/colgate/max-fresh-cooling-crystals-whitening-toothpaste/,https://cdn.notinoimg.com/list_2k//colgate/8718951313255_01-o__220524.jpg
233,Caries Protection Complete Care,Elmex,5.00,https://www.notino.co.uk/elmex/caries-protection-complete-care-refreshing-toothpaste-for-complete-protection-of-teeth-6652865/,https://cdn.notinoimg.com/list_2k//elmex/8718951516014_02-o__220929.jpg
234,Original White,G.U.M,3.70,https://www.notino.co.uk/gum/original-white-whitening-toothpaste/,https://cdn.notinoimg.com/list_2k//gum/gumorwu_ktps10__131106.jpg
235,Unicorn Sparkle 7+,Beverly Hills Formula,5.30,https://www.notino.co.uk/beverly-hills-formula/unicorn-sparkle-7-toothpaste-for-children/,https://cdn.notinoimg.com/list_2k//beverly-hills-formula/5020105004098_01-o__220912.jpg
236,Pro Advanced Sensitivity&Gum Calm,Oral B,3.20,https://www.notino.co.uk/oral-b/professional-sensitivity-gum-calm-gentle-whitening-whitening-toothpaste/,https://cdn.notinoimg.com/list_2k//oral-b/8001841520285_01-o__240611.jpg
237,Antiplaca,DentYucral,3.70,https://www.notino.co.uk/dentyucral/antiplaca-whitening-tooth-powder/,https://cdn.notinoimg.com/list_2k//dentyucral/8470002079021_01-o__220818.jpg
238,Paw Patrol Toothpaste,Nickelodeon,2.30,https://www.notino.co.uk/ep-line/paw-patrol-toothpaste-for-children-with-strawberry-flavour/,https://cdn.notinoimg.com/list_2k//ep-line/8412428011124_01-o__210413.jpg
239,Beauty,Perl Weiss,4.20,https://www.notino.co.uk/perl-weiss/beauty-whitening-toothpaste/,https://cdn.notinoimg.com/list_2k//perl_weiss/4008890009413_01__240111.jpg
240,Complete Care,Meridol,5.20,https://www.notino.co.uk/meridol/complete-care-sensitive-toothpaste/,https://cdn.notinoimg.com/list_2k//meridol/8718951478527_01-o__230807.jpg
241,Juventus,EP Line,9.80,https://www.notino.co.uk/ep-line/juventus-gift-set/,https://cdn.notinoimg.com/list_2k//ep-line/8029241128917_01-o__211014.jpg
242,Perfect White Sensitive,Beverly Hills Formula,5.50,https://www.notino.co.uk/beverly-hills-formula/perfect-white-sensitive-whitening-toothpaste/,https://cdn.notinoimg.com/list_2k//beverly-hills-formula/5020105004340_01-o__240423.jpg
243,Natural Strawberry,Brush Baby,4.10,https://www.notino.co.uk/brush-baby/natural-strawberry-toothpaste-for-children-with-strawberry-flavour/,https://cdn.notinoimg.com/list_2k//brush_baby/5060178102918_01-o__230613.jpg
244,Pharma B5,Yotuel,11.20,https://www.notino.co.uk/yotuel/pharma-b5-whitening-toothpaste/,https://cdn.notinoimg.com/list_2k//yotuel/yotpb5w_ktps10__150428.jpg
245,Toothpaste Dolce Vita,HAAN,5.90,https://www.notino.co.uk/haan/toothpaste-dolce-vita-fluoride-toothpastes-with-prebiotics/,https://cdn.notinoimg.com/list_2k//haan/5060669781349_01-o__230515.jpg
246,Clove,Eva,4.00,https://www.notino.co.uk/eva/cloves-whitening-tooth-powder-3-in-1/,https://cdn.notinoimg.com/list_2k//eva/6223001385349_01-o__211115.jpg
247,Total Junior,Colgate,1.90,https://www.notino.co.uk/colgate/total-junior-toothpaste-for-deep-teeth-and-mouth-cleaning-for-kids/,https://cdn.notinoimg.com/list_2k//colgate/8718951433120_01-o__221125.jpg
248,Black is White,Curaprox,22.10,https://www.notino.co.uk/curaprox/black-is-white-cosmetic-set-i/,https://cdn.notinoimg.com/list_2k//curaprox/7612412423686_01-o__151208.jpg
249,ADS DNA 720,Curasept,6.10,https://www.notino.co.uk/curasept/ads-dna-720-gel-toothpaste/,https://cdn.notinoimg.com/list_2k//curasept/8056746073411_01-o__240503.jpg
250,Biomed Citrus Fresh,Splat,3.60,https://www.notino.co.uk/splat/biomed-citrus-fresh-gum-protection-toothpaste/,https://cdn.notinoimg.com/list_2k//splat/2800015078364_01-o__220908.jpg
251,Natural Toothpaste Charcoal,The Humble Co.,4.10,https://www.notino.co.uk/humble/natural-toothpaste-charcoal-organic-toothpaste/,https://cdn.notinoimg.com/list_2k//humble/7350075691515_01-o__210811.jpg
252,Advanced White,Colgate,1.80,https://www.notino.co.uk/colgate/advanced-white-whitening-toothpaste-against-stains-on-tooth-enamel/,https://cdn.notinoimg.com/list_2k//colgate/8718951312173_01-o__240229.jpg
253,Deep Fresh,Signal,2.50,https://www.notino.co.uk/signal/deep-fresh-toothpaste-for-fresh-breath/,https://cdn.notinoimg.com/list_2k//signal/8717163093481_01-o__230306.jpg
254,Green Multifunctional,Ecodenta,2.60,https://www.notino.co.uk/ecodenta/green-multifunctional-toothpaste-for-complete-protection-of-teeth/,https://cdn.notinoimg.com/list_2k//ecodenta/4770001335314_01-o__170112.jpg
255,Gift Sets Great Coral,HAAN,34.20,https://www.notino.co.uk/haan/gift-sets-great-coral-gift-set/,https://cdn.notinoimg.com/list_2k//haan/5060669781004_01-o__221122.jpg
256,Toothpaste,Minions,2.50,https://www.notino.co.uk/minions/toothpaste-toothpaste-for-children/,https://cdn.notinoimg.com/list_2k//minions/8032979437657_01-o__220902.jpg
257,Expert Black Orange Whitening,Ecodenta,3.70,https://www.notino.co.uk/ecodenta/expert-black-orange-whitening-black-whitening-toothpaste-without-fluoride/,https://cdn.notinoimg.com/list_2k//ecodenta/4770001003367_01-o__210105.jpg
258,Green Sensitivity Relief,Ecodenta,3.20,https://www.notino.co.uk/ecodenta/green-sensitivity-relief-sensitive-toothpaste/,https://cdn.notinoimg.com/list_2k//ecodenta/4770001333884_01-o__170112.jpg
259,Family Extra Fresh,WOOM,1.80,https://www.notino.co.uk/woom/family-extra-fresh-refreshing-toothpaste/,https://cdn.notinoimg.com/list_2k//woom/8420075180353_01-o__220830.jpg
260,Charcoal,White Glo,1.00,https://www.notino.co.uk/white-glo/charcoal-whitening-toothpaste-with-activated-charcoal-for-travelling/,https://cdn.notinoimg.com/list_2k//white-glo/9319871000974_01-o__210524.jpg
261,Toothpaste Apple a Day,HAAN,6.10,https://www.notino.co.uk/haan/toothpaste-apple-a-day-fluoride-free-toothpaste-refillable/,https://cdn.notinoimg.com/list_2k//haan/5060917120067_01-o__220405.jpg
262,Travel Dental Set,Minions,5.40,https://www.notino.co.uk/minions/travel-dental-set-dental-care-set-3yfor-kids/,https://cdn.notinoimg.com/list_2k//minions/8032979437633_01-o__220902.jpg
263,Herbal Fresh,Signal,1.40,https://www.notino.co.uk/signal/herbal-fresh-toothpaste/,https://cdn.notinoimg.com/list_2k//signal/sighrfu_ktps05__150511.jpg
264,Certified Organic Charcoal whitening,Ecodenta,3.70,https://www.notino.co.uk/ecodenta/certified-organic-anti-plaque-whitening-toothpaste-with-activated-charcoal/,https://cdn.notinoimg.com/list_2k//ecodenta/4770001004333_01-o__210809.jpg
265,Herbal Fresh Trio,Sensodyne,10.40,https://www.notino.co.uk/sensodyne/herbal-fresh-trio-fluoride-toothpastes-3-pcs/,https://cdn.notinoimg.com/list_2k//sensodyne/2000028905279_01-o__221004.jpg
266,Brush Teeth Tablets Kids with Fluoride,Denttabs,5.40,https://www.notino.co.uk/denttabs/brush-teeth-tablets-kids-with-fluoride-fluoride-toothpaste-in-tablets/,https://cdn.notinoimg.com/list_2k//denttabs/4260066813365_01-o__231115.jpg
267,Set Splat Duo,Splat,11.80,https://www.notino.co.uk/splat/set-duo-setfor-teeth/,https://cdn.notinoimg.com/list_2k//splat/7640168937140_01__220927.jpg
268,Anti Caries Anti Carries,Sensodyne,3.50,https://www.notino.co.uk/sensodyne/anti-caries-toothpaste-against-dental-caries/,https://cdn.notinoimg.com/list_2k//sensodyne/5054563096029_01-o__221027.jpg
269,Pro Expert Healthy Whitening,Oral B,3.70,https://www.notino.co.uk/oral-b/pro-expert-healthy-whitening-whitening-toothpaste/,https://cdn.notinoimg.com/list_2k//oral-b/8700216106788_01-o__230904.jpg
270,Dinosaur,Brush Baby,3.40,https://www.notino.co.uk/brush-baby/dinosaur-toothpaste-for-children-from-36-months/,https://cdn.notinoimg.com/list_2k//brush_baby/5060178100464_01-o__230613.jpg
271,Toothpaste White,BEN&ANNA,3.80,https://www.notino.co.uk/benanna/toothpaste-white-natural-toothpaste-with-fluoride/,https://cdn.notinoimg.com/list_2k//benanna/4260491223029_01-o__230331.jpg
272,Gingival Pro,WOOM,5.40,https://www.notino.co.uk/woom/gingival-pro-reinforcing-toothpaste/,https://cdn.notinoimg.com/list_2k//woom/4751033921089_01-o__230504.jpg
273,Night & Day,White Glo,5.20,https://www.notino.co.uk/white-glo/night-day-cosmetic-set-i/,https://cdn.notinoimg.com/list_2k//white-glo/9319871000226_01-o__220624.jpg
274,Pro Expert Professional Protection,Oral B,3.10,https://www.notino.co.uk/oral-b/pro-expert-professional-protection-gum-protection-toothpaste/,https://cdn.notinoimg.com/list_2k//oral-b/8700216106863_01-o__230904.jpg
275,Baby Happy Baby,Weleda,11.70,https://www.notino.co.uk/weleda/baby-happy-baby-setfor-children/,https://cdn.notinoimg.com/list_2k//weleda/8590129007797_01-o__240301.jpg
276,Green Tartar Eliminating,Ecodenta,2.50,https://www.notino.co.uk/ecodenta/green-tartar-eliminating-refreshing-toothpaste-against-plaque/,https://cdn.notinoimg.com/list_2k//ecodenta/4770001333815_01-o__170112.jpg
277,Expert,Perl Weiss,5.20,https://www.notino.co.uk/perl-weiss/expert-whitening-toothpaste/,https://cdn.notinoimg.com/list_2k//perl_weiss/4008890009437_01__240111.jpg
278,Junior Bubblegum,WOOM,3.50,https://www.notino.co.uk/woom/junior-bubblegum-toothpaste-for-children/,https://cdn.notinoimg.com/list_2k//woom/4751033920112_01-o__220629.jpg
279,Pure,TePe,4.80,https://www.notino.co.uk/tepe/pure-toothpaste-mint/,https://cdn.notinoimg.com/list_2k//tepe/7350121253933_01-o__240419.jpg
280,Smokers Formula,White Glo,5.70,https://www.notino.co.uk/white-glo/smokers-formula-cosmetic-set-i/,https://cdn.notinoimg.com/list_2k//white-glo/whgsmow_kset10_01__151016.jpg
281,Oral Care Toothpaste,Chicco,3.50,https://www.notino.co.uk/chicco/oral-care-toothpaste-for-children-6m/,https://cdn.notinoimg.com/list_2k//chicco/8003670918707_01-o__231128.jpg
282,Max White One,Colgate,4.50,https://www.notino.co.uk/colgate/max-white-one-whitening-toothpaste/,https://cdn.notinoimg.com/list_2k//colgate/8714789881188_01-o__221128.jpg
283,Paroex,G.U.M,4.30,https://www.notino.co.uk/gum/paroex-dental-gel-to-treat-periodontitis/,https://cdn.notinoimg.com/list_2k//gum/gumparu_ktps20__131107.jpg
284,Toothpaste Fruit Mix,Chicco,3.50,https://www.notino.co.uk/chicco/toothpaste-fruit-mix-toothpaste-for-children-with-fluoride/,https://cdn.notinoimg.com/list_2k//chicco/8058664138715_01__231124.jpg
285,Total Charcoal,Colgate,2.50,https://www.notino.co.uk/colgate/total-charcoal-whitening-toothpaste-with-activated-charcoal/,https://cdn.notinoimg.com/list_2k//colgate/6920354829406_01-o__221125.jpg
286,Toothpaste Good On Ya,HAAN,6.10,https://www.notino.co.uk/haan/toothpaste-good-on-ya-fluoride-free-toothpaste-refillable/,https://cdn.notinoimg.com/list_2k//haan/5060917120074_01-o__220405.jpg
287,NanoCare Kids,White Pearl,4.30,https://www.notino.co.uk/white-pearl/white-pearl-nanocare-kids-toothpaste-for-children/,https://cdn.notinoimg.com/list_2k//white-pearl/8594069332964_01-o__190710.jpg
288,Total+ Toothpaste,WOOM,5.30,https://www.notino.co.uk/woom/total-toothpaste-reinforcing-toothpaste/,https://cdn.notinoimg.com/list_2k//woom/8420075180308_01-o__220629.jpg
289,White & Gloss,Perl Weiss,5.20,https://www.notino.co.uk/perl-weiss/white-gloss-whitening-toothpaste/,https://cdn.notinoimg.com/list_2k//perl_weiss/4008890009314_01__240111.jpg
290,Advanced Clean,Sensodyne,5.00,https://www.notino.co.uk/sensodyne/advanced-clean-fluoride-toothpastes-for-complete-protection-of-teeth/,https://cdn.notinoimg.com/list_2k//sensodyne/5054563014757_01-o__170106.jpg
291,Paw Patrol Travel Kit,Nickelodeon,3.40,https://www.notino.co.uk/nickelodeon/paw-patrol-travel-kit-dental-care-set-for-kids/,https://cdn.notinoimg.com/list_2k//nickelodeon/8032979439019_01-o__221206.jpg
292,Up White Advanced Whitening,Perl Weiss,5.00,https://www.notino.co.uk/perl-weiss/up-white-advanced-whitening-whitening-toothpaste/,https://cdn.notinoimg.com/list_2k//perl_weiss/4008890009512_01__240304.jpg
293,Flavour Collection Classic,Marvis,10.30,https://www.notino.co.uk/marvis/marvis-flavour-collection-cosmetic-set-ii/,https://cdn.notinoimg.com/list_2k//marvis/8004395110490_01-o__190716.jpg
294,Family Complex,WOOM,3.10,https://www.notino.co.uk/woom/family-complex-toothpaste/,https://cdn.notinoimg.com/list_2k//woom/8420075180360_01-o__220830.jpg
295,Certified Organic Whitening,Ecodenta,4.00,https://www.notino.co.uk/ecodenta/certified-organic-anti-plaque-whitening-toothpaste/,https://cdn.notinoimg.com/list_2k//ecodenta/4770001002162_01-o__210809.jpg
296,Travel Set,Chicco,10.00,https://www.notino.co.uk/chicco/travel-set-dental-care-set/,https://cdn.notinoimg.com/list_2k//chicco/8058664121229_01__231124.jpg
297,Carbon+ Toothpaste,WOOM,4.90,https://www.notino.co.uk/woom/carbon-toothpaste-black-whitening-toothpaste/,https://cdn.notinoimg.com/list_2k//woom/8420075180322_01-o__220629.jpg
298,3D White Luxe Perfection Intense,Blend-a-med,3.30,https://www.notino.co.uk/blend-a-med/3d-white-luxe-perfection-intense-toothpaste/,https://cdn.notinoimg.com/list_2k//blend-a-med/8001841142814_01-o__220816.jpg
299,Extreme Travel Set,Swissdent,7.20,https://www.notino.co.uk/swissdent/extreme-travel-set-dental-care-set/,https://cdn.notinoimg.com/list_2k//swissdent/7640126190334_01-o__220830.jpg
300,Complete Care,Lavera,4.80,https://www.notino.co.uk/lavera/complete-care-mint-toothpaste/,https://cdn.notinoimg.com/list_2k//lavera/4021457629183_01-o__210325.jpg
301,Advantage Cavity Protection,White Glo,3.20,https://www.notino.co.uk/white-glo/advantage-whitening-toothpaste/,https://cdn.notinoimg.com/list_2k//white-glo/9319871001117_01-o__210524.jpg
302,Family Sensitive,WOOM,3.10,https://www.notino.co.uk/woom/family-sensitive-sensitive-toothpaste/,https://cdn.notinoimg.com/list_2k//woom/8420075180377_01-o__220830.jpg
303,Professional White Range,Beverly Hills Formula,13.80,https://www.notino.co.uk/beverly-hills-formula/professional-white-range-whitening-toothpaste-with-fluoride/,https://cdn.notinoimg.com/list_2k//beverly-hills-formula/5020105003138_01-o__180326.jpg
304,Gift Sets Great Aquamarine,HAAN,19.80,https://www.notino.co.uk/haan/gift-sets-great-aquamarine-gift-set-6877842/,https://cdn.notinoimg.com/list_2k//haan/5060917123525_01-o__230619.jpg
305,White & Charcoal,Perl Weiss,5.90,https://www.notino.co.uk/perl-weiss/white-charcoal-whitening-toothpaste/,https://cdn.notinoimg.com/list_2k//perl_weiss/4008890009154_01__240111.jpg
306,Total Original XL,Colgate,4.70,https://www.notino.co.uk/colgate/total-original-xl-toothpaste-for-complete-tooth-protection/,https://cdn.notinoimg.com/list_2k//colgate/8714789710020_01-o__240404.jpg
307,Meswak,Eva,3.80,https://www.notino.co.uk/eva/meswak-whitening-tooth-powder-3-in-1/,https://cdn.notinoimg.com/list_2k//eva/6223001385370_01-o__211115.jpg
308,Brush Teeth Tablets Kids without Fluoride,Denttabs,5.40,https://www.notino.co.uk/denttabs/brush-teeth-tablets-kids-without-fluoride-fluoride-free-toothpaste-in-tablets/,https://cdn.notinoimg.com/list_2k//denttabs/4260066813433_01-o__231115.jpg
309,Special Blackwood,Splat,6.90,https://www.notino.co.uk/splat/special-blackwood-whitening-toothpaste/,https://cdn.notinoimg.com/list_2k//splat/7640168930288_01-o__220908.jpg
310,Toothpaste Coconut Whip,My White Secret,7.00,https://www.notino.co.uk/my-white-secret/toothpaste-coconut-whip-toothpaste/,https://cdn.notinoimg.com/list_2k//my-white-secret/5060548390556_01-o__230913.jpg
311,Hemp Seed Oil,White Glo,5.30,https://www.notino.co.uk/white-glo/hemp-seed-oil-whitening-toothpaste-with-brush/,https://cdn.notinoimg.com/list_2k//white-glo/9319871001711_01-o__211129.jpg
312,Gum Protection Fresh Breath,Meridol,4.00,https://www.notino.co.uk/meridol/dental-care-toothpaste-for-fresh-breath/,https://cdn.notinoimg.com/list_2k//meridol/8718951455528_01-o__230807.jpg
313,Toothpaste Mild Mint,Chicco,3.20,https://www.notino.co.uk/chicco/toothpaste-mild-mint-toothpaste-for-children-with-fluoride/,https://cdn.notinoimg.com/list_2k//chicco/8058664138708_01__231124.jpg
314,Triple Action Xtra White,Colgate,2.20,https://www.notino.co.uk/colgate/triple-action-xtra-white-whitening-toothpaste-with-fluoride/,https://cdn.notinoimg.com/list_2k//colgate/8718951294721_01-o__200212.jpg
315,Natural,Jack N’ Jill,6.70,https://www.notino.co.uk/jack-n-jill/natural-dental-care-setfor-kids/,https://cdn.notinoimg.com/list_2k//jack-n-jill/9312657011027_01-o__230602.jpg
316,SensiVital,G.U.M,5.00,https://www.notino.co.uk/gum/sensivital-toothpaste-for-sensitive-teeth/,https://cdn.notinoimg.com/list_2k//gum/gumsevu_ktps10__131107.jpg
317,4x4 Test The Best,Swissdent,10.00,https://www.notino.co.uk/swissdent/4x4-test-the-best-dental-care-set/,https://cdn.notinoimg.com/list_2k//swissdent/7640126190419_01-o__220829.jpg
318,Natural Toothpaste Tablets without Fluoride,Denttabs,5.40,https://www.notino.co.uk/denttabs/natural-toothpaste-tablets-without-fluoride-fluoride-free-toothpaste-in-tablets/,https://cdn.notinoimg.com/list_2k//denttabs/4260066813105_01-o__231115.jpg
319,Gift Sets Great Joyful,HAAN,22.80,https://www.notino.co.uk/haan/gift-sets-great-aquamarine-gift-set-hyva-meininki/,https://cdn.notinoimg.com/list_2k//haan/5060917123549_01-o__230619.jpg
320,Toothpaste,Baby Anthyllis,4.60,https://www.notino.co.uk/baby-anthyllis/toothpaste-toothpaste-for-children/,https://cdn.notinoimg.com/list_2k//baby_anthyllis/8002849910191_01-o__230629.jpg
321,Toothpaste Powder,My White Secret,9.00,https://www.notino.co.uk/my-white-secret/toothpaste-powder-toothpaste-powder/,https://cdn.notinoimg.com/list_2k//my-white-secret/5060548390457_01-o__220829.jpg
322,Kids Sweet Orange,Truthpaste,7.00,https://www.notino.co.uk/truthpaste/kids-sweet-orange-natural-toothpaste-for-kids/,https://cdn.notinoimg.com/list_2k//truthpaste/5060655080043_01-o__231127.jpg
323,Max White White Crystals,Colgate,3.20,https://www.notino.co.uk/colgate/max-white-white-crystals-whitening-toothpaste-with-fluoride/,https://cdn.notinoimg.com/list_2k//colgate/8718951312845_01-o__200403.jpg
324,Total Active Fresh,Colgate,2.60,https://www.notino.co.uk/colgate/total-active-fresh-toothpaste-for-complete-protection-of-teeth/,https://cdn.notinoimg.com/list_2k//colgate/8718951226838_01-o__220801.jpg
325,System PAP Whitening,White Pearl,31.50,https://www.notino.co.uk/white-pearl/system-pap-whitening-whitening-gel/,https://cdn.notinoimg.com/list_2k//white-pearl/8594069333213_01-o__221116.jpg
326,Charcoal,Blend-a-med,2.50,https://www.notino.co.uk/blend-a-med/charcoal-toothpaste-with-activated-charcoal/,https://cdn.notinoimg.com/list_2k//blend-a-med/8001841825519_01-o__220816.jpg
327,Max White Clay,Colgate,3.20,https://www.notino.co.uk/colgate/max-white-clay-whitening-toothpaste/,https://cdn.notinoimg.com/list_2k//colgate/8718951380103_01-o__221125.jpg
328,Inter Oral Hygiene Gift Set,EP Line,11.30,https://www.notino.co.uk/ep-line/inter-oral-hygiene-gift-set-gift-setfor-children/,https://cdn.notinoimg.com/list_2k//ep-line/8029241132006_01__231120.jpg
329,Whitening & Tartar Control,White Glo,5.20,https://www.notino.co.uk/white-glo/whitening-tartar-control-whitening-toothpaste-with-brush/,https://cdn.notinoimg.com/list_2k//white-glo/9319871001452_01-o__211129.jpg
330,Dental Care,Sea of Spa,8.30,https://www.notino.co.uk/sea-of-spa/dental-care-toothpaste-with-minerals-from-the-dead-sea/,https://cdn.notinoimg.com/list_2k//sea-of-spa/sosdcau_ktps10_01__140724.jpg
331,Smile Beauty Care Gift Pack,My White Secret,34.90,https://www.notino.co.uk/my-white-secret/smile-beauty-care-dental-care-setfor-radiant-smile/,https://cdn.notinoimg.com/list_2k//my-white-secret/5060548390082_07__200903.jpg
332,KIDS Orange,MEDIBLANC,6.60,https://www.notino.co.uk/mediblanc/kids-orange-toothpaste-for-children-2186097/,https://cdn.notinoimg.com/list_2k//mediblanc/8059300533130_01-o__220114.jpg
333,White Lux Set,Curasept,15.00,https://www.notino.co.uk/curasept/white-lux-set-whitening-kit-for-teeth/,https://cdn.notinoimg.com/list_2k//curasept/8056746071493_01-o__220218.jpg
334,Total Active Fresh XL,Colgate,4.70,https://www.notino.co.uk/colgate/total-active-fresh-xl-toothpaste-for-fresh-breath/,https://cdn.notinoimg.com/list_2k//colgate/8714789710624_01-o__240404.jpg
335,NanoCare,White Pearl,5.20,https://www.notino.co.uk/white-pearl/nanocare-toothpaste/,https://cdn.notinoimg.com/list_2k//white-pearl/whpnanw_ktps10_01__150609.jpg
336,Hydral,G.U.M,5.30,https://www.notino.co.uk/gum/hydral-moisturizing-gel-on-the-teeth-tongue-and-gums/,https://cdn.notinoimg.com/list_2k//gum/gumhydu_ktps10__150309.jpg
337,Emergency Kit Red,Swissdent,22.10,https://www.notino.co.uk/swissdent/emergency-kit-red-cosmetic-set-i/,https://cdn.notinoimg.com/list_2k//swissdent/7640126190181_01-o__121112.jpg
338,Hydral,G.U.M,5.80,https://www.notino.co.uk/gum/hydral-toothpaste/,https://cdn.notinoimg.com/list_2k//gum/gumhydu_ktps20__150309.jpg
339,White Now Sensitive,Signal,3.00,https://www.notino.co.uk/signal/white-now-sensitive-whitening-toothpaste-for-sensitive-teeth/,https://cdn.notinoimg.com/list_2k//signal/8720181196157_01-o__220128.jpg
340,Junior Cola,WOOM,4.30,https://www.notino.co.uk/woom/junior-cola-toothpaste-for-children/,https://cdn.notinoimg.com/list_2k//woom/4751033920150_01-o__220629.jpg
341,Extreme Whitening,Swissdent,2.00,https://www.notino.co.uk/swissdent/extreme-high-impact-whitening-toothpaste/,https://cdn.notinoimg.com/list_2k//swissdent/swdextw_ktps05__150402.jpg
342,Gift Sets Great Aquamarine,HAAN,33.50,https://www.notino.co.uk/haan/gift-sets-great-aquamarine-gift-set/,https://cdn.notinoimg.com/list_2k//haan/5060669780908_01-o__220819.jpg
343,Dentifricio,Naturaverde,3.00,https://www.notino.co.uk/naturaverde/dentifricio-whitening-toothpaste/,https://cdn.notinoimg.com/list_2k//naturaverde/8029241123820_01-o__240125.jpg
344,GTS2066+WT3500 Exclusive Set,Dr. Mayer,83.60,https://www.notino.co.uk/dr-mayer/bundle-gift-set/,https://cdn.notinoimg.com/list_2k//dr_mayer/8591205717791_01__211124.jpg
345,Advanced White Volcanic Ash and Baking Soda,Colgate,1.90,https://www.notino.co.uk/colgate/advanced-white-volcanic-ash-and-baking-soda-organic-toothpaste/,https://cdn.notinoimg.com/list_2k//colgate/8718951555488_01-o__230426.jpg
346,Always Smiling Green,Chicco,12.40,https://www.notino.co.uk/chicco/always-smiling-green-dental-care-set-strawberryfor-children/,https://cdn.notinoimg.com/list_2k//chicco/8058664022649_01__231124.jpg
347,Menthol,Eva,3.80,https://www.notino.co.uk/eva/menthol-whitening-tooth-powder-3-in-1/,https://cdn.notinoimg.com/list_2k//eva/6223001385356_01-o__211115.jpg
348,Daily,TePe,3.30,https://www.notino.co.uk/tepe/daily-toothpaste/,https://cdn.notinoimg.com/list_2k//tepe/7350121253391_01-o__240419.jpg
349,Fluor,Eva,4.40,https://www.notino.co.uk/eva/fluor-whitening-tooth-powder-3-in-1/,https://cdn.notinoimg.com/list_2k//eva/6223001385363_01-o__211115.jpg
350,Gift Sets The core four - Serenity,HAAN,26.20,https://www.notino.co.uk/haan/gift-sets-the-core-four-serenity-gift-set/,https://cdn.notinoimg.com/list_2k//haan/5060917123532_01-o__230619.jpg
351,Total Whitening XL,Colgate,4.70,https://www.notino.co.uk/colgate/total-whitening-xl-whitening-toothpaste/,https://cdn.notinoimg.com/list_2k//colgate/8714789710358_01-o__240404.jpg
352,Crystal Combo Pack,Swissdent,13.20,https://www.notino.co.uk/swissdent/crystal-dental-care-set/,https://cdn.notinoimg.com/list_2k//swissdent/7640126890050_01-o__220829.jpg
353,Gum Protection,Ecodenta,4.00,https://www.notino.co.uk/ecodenta/gum-protection-toothpaste-with-tea-tree-oil/,https://cdn.notinoimg.com/list_2k//ecodenta/4770001005538_01-o__240313.jpg
354,Up White Supreme Whitening,Perl Weiss,5.00,https://www.notino.co.uk/perl-weiss/up-white-supreme-whitening-whitening-toothpaste/,https://cdn.notinoimg.com/list_2k//perl_weiss/4008890009482_01__240304.jpg
355,Rocket,Brush Baby,4.30,https://www.notino.co.uk/brush-baby/rocket-toothpaste-for-children-blueberry/,https://cdn.notinoimg.com/list_2k//brush_baby/5060178102437_01-o__230613.jpg
356,Glitter Gold&Black,Beverly Hills Formula,5.50,https://www.notino.co.uk/beverly-hills-formula/glitter-goldblack-whitening-toothpaste-vegan/,https://cdn.notinoimg.com/list_2k//beverly-hills-formula/5020105004326_01-o__240423.jpg
357,Santoin s účinkem při paradontóze,Walmark,5.70,https://www.notino.co.uk/walmark/santoin-s-ucinkem-pri-paradontoze-toothpaste/,https://cdn.notinoimg.com/list_2k//walmark/8596024018081_01-o__220304.jpg
358,Max White Bye Bye Stains,Colgate,4.00,https://www.notino.co.uk/colgate/max-white-bye-bye-stains-toothpaste/,https://cdn.notinoimg.com/list_2k//colgate/8718951610521_01-o__240404.jpg
359,Toothpaste Hyvä Meinink,HAAN,6.50,https://www.notino.co.uk/haan/toothpaste-hyva-meinink-whitening-toothpaste-with-fluoride-with-peppermint/,https://cdn.notinoimg.com/list_2k//haan/5060669781042_01-o__230515.jpg
360,Black Lux,Curasept,13.00,https://www.notino.co.uk/curasept/black-lux-black-whitening-toothpaste-with-whitening-effect/,https://cdn.notinoimg.com/list_2k//curasept/8056746071998_01-o__220218.jpg
361,Always Smiling Blue,Chicco,11.20,https://www.notino.co.uk/chicco/always-smiling-blue-dental-care-set-12-mfor-children/,https://cdn.notinoimg.com/list_2k//chicco/8058664047383_01__231124.jpg
362,CBD Charcoal Whitening,White Pearl,7.10,https://www.notino.co.uk/white-pearl/cbd-charcoal-whitening-whitening-toothpaste-with-activated-charcoal-with-cbd/,https://cdn.notinoimg.com/list_2k//white-pearl/8594069333336_01-o__230725.jpg
363,Natural Elements Integral 8 Camomile,Signal,2.80,https://www.notino.co.uk/signal/natural-elements-integral-8-camomile-toothpaste/,https://cdn.notinoimg.com/list_2k//signal/8720181230585_01-o__220812.jpg
364,NanoCare Whitening,White Pearl,6.60,https://www.notino.co.uk/white-pearl/nanocare-whitening-toothpaste-with-silver-nanoparticles-against-enamel-spots/,https://cdn.notinoimg.com/list_2k//white-pearl/whpnaww_ktps10_01__160520.jpg
365,Oral Care,Chicco,3.30,https://www.notino.co.uk/chicco/oral-care-gum-massage-gel-for-babies-4m/,https://cdn.notinoimg.com/list_2k//chicco/8003670913771_01__210623.jpg
366,Total Mouth Detox,White Glo,5.60,https://www.notino.co.uk/white-glo/total-mouth-detox-teeth-whitening-kit/,https://cdn.notinoimg.com/list_2k//white-glo/9319871001025_01-o__210524.jpg
367,Teething,Brush Baby,3.30,https://www.notino.co.uk/brush-baby/teething-toothpaste/,https://cdn.notinoimg.com/list_2k//brush_baby/5060178100679_01-o__240326.jpg
368,Sensitive Forte,White Glo,5.40,https://www.notino.co.uk/white-glo/sensitive-forte-dental-care-set/,https://cdn.notinoimg.com/list_2k//white-glo/9319871000653_01-o__210524.jpg
369,Max Fresh Cooling Crystals,Colgate,2.90,https://www.notino.co.uk/colgate/max-fresh-cooling-crystals-toothpaste/,https://cdn.notinoimg.com/list_2k//colgate/8718951313675_01-o__240312.jpg
370,Medium,Vitis,10.60,https://www.notino.co.uk/vitis/medium-toothbrush-mini-toothpaste/,https://cdn.notinoimg.com/list_2k//vitis/8427426006591_01-o__230202.jpg
371,Toothpaste Spearmint,BEN&ANNA,3.70,https://www.notino.co.uk/benanna/toothpaste-spearmint-natural-toothpaste-with-fluoride/,https://cdn.notinoimg.com/list_2k//benanna/4260491223050_01-o__230331.jpg
372,Set Max White Ultra Complete,Colgate,15.20,https://www.notino.co.uk/colgate/set-max-white-ultra-complete-set-for-teeth/,https://cdn.notinoimg.com/list_2k//colgate/8590232001224_01-o__230922.jpg
373,Mickey Toothpaste,Disney,2.50,https://www.notino.co.uk/disney/mickey-toothpaste-toothpaste-for-children/,https://cdn.notinoimg.com/list_2k//disney/8056234640361_01-o__231108.jpg
374,NanoCare Whitening,White Pearl,10.00,https://www.notino.co.uk/white-pearl/nanocare-whitening/,https://cdn.notinoimg.com/list_2k//white-pearl/8594069332834_02__170922.jpg
375,Certified Organic Sensitivity Relief,Ecodenta,4.20,https://www.notino.co.uk/ecodenta/certified-organic-sensitivity-relief-organic-toothpaste/,https://cdn.notinoimg.com/list_2k//ecodenta/4770001002179_01__220606.jpg
376,Probiotic,White Glo,5.00,https://www.notino.co.uk/white-glo/probiotic-dental-care-set/,https://cdn.notinoimg.com/list_2k//white-glo/9319871001506_00-o__230606.jpg
377,Spiderman Toothpaste,Marvel,2.30,https://www.notino.co.uk/marvel/spiderman-toothpaste-toothpaste-for-children/,https://cdn.notinoimg.com/list_2k//marvel/8032979436971_01__220725.jpg
378,PAP Coconut Whitening,White Pearl,7.20,https://www.notino.co.uk/white-pearl/pap-coconut-whitening-whitening-toothpaste/,https://cdn.notinoimg.com/list_2k//white-pearl/8594069333299_01-o__230725.jpg
379,White Now Detox Coconut,Signal,4.50,https://www.notino.co.uk/signal/white-now-detox-coconut-whitening-toothpaste/,https://cdn.notinoimg.com/list_2k//signal/8710604754248_01-o__200217.jpg
380,Family Whitening,WOOM,3.20,https://www.notino.co.uk/woom/family-whitening-whitening-toothpaste/,https://cdn.notinoimg.com/list_2k//woom/8420075180346_01-o__220830.jpg
381,Smile Aloe Vera,White Pearl,2.30,https://www.notino.co.uk/white-pearl/smile-aloe-vera-toothpaste-for-healthy-teeth-and-gums/,https://cdn.notinoimg.com/list_2k//white-pearl/whpalow_ktps10_01__150611.jpg
382,White System,Signal,1.80,https://www.notino.co.uk/signal/white-system-whitening-toothpaste-with-activated-charcoal/,https://cdn.notinoimg.com/list_2k//signal/8720181472626_01-o__240607.jpg
383,Toothpaste Black,BEN&ANNA,3.80,https://www.notino.co.uk/benanna/toothpaste-black-natural-toothpaste-with-activated-charcoal/,https://cdn.notinoimg.com/list_2k//benanna/4260491223012_01-o__230331.jpg
384,Exceptional Whitening,Ecodenta,4.70,https://www.notino.co.uk/ecodenta/exceptional-whitening-whitening-toothpaste/,https://cdn.notinoimg.com/list_2k//ecodenta/4770001337103_01-o__210809.jpg
385,Toothpaste Coco Mania,BEN&ANNA,4.20,https://www.notino.co.uk/benanna/toothpaste-coco-mania-natural-toothpaste/,https://cdn.notinoimg.com/list_2k//benanna/4260491223043_01-o__230331.jpg
386,Gentle Combo Pack,Swissdent,9.80,https://www.notino.co.uk/swissdent/gentle-combo-pack-set-for-perfectly-clean-teeth-mint/,https://cdn.notinoimg.com/list_2k//swissdent/7640126890043_01-o__220829.jpg
387,Complete 7 + White,Blend-a-med,3.60,https://www.notino.co.uk/blend-a-med/complete-7-white-toothpaste-for-complete-protection-of-teeth/,https://cdn.notinoimg.com/list_2k//blend-a-med/blecpww_ktps10_01__150925.jpg
388,Oral Care Set,Chicco,8.00,https://www.notino.co.uk/chicco/oral-care-set-dental-care-set-for-babies/,https://cdn.notinoimg.com/list_2k//chicco/8058664155798_01__231124.jpg
389,CBD Aloe Vera,White Pearl,7.10,https://www.notino.co.uk/white-pearl/cbd-aloe-vera-toothpaste/,https://cdn.notinoimg.com/list_2k//white-pearl/8594069333312_01-o__230725.jpg
390,Toothpaste Smooth Mint,My White Secret,7.00,https://www.notino.co.uk/my-white-secret/toothpaste-smooth-mint-toothpaste/,https://cdn.notinoimg.com/list_2k//my-white-secret/5060548390549_01-o__230913.jpg
391,AC Milan Oral Hygiene Gift Set,EP Line,10.80,https://www.notino.co.uk/ep-line/ac-milan-oral-hygiene-gift-set-gift-setfor-children/,https://cdn.notinoimg.com/list_2k//ep-line/8029241131962_01__231120.jpg
392,Herbal+ Toothpaste,WOOM,4.80,https://www.notino.co.uk/woom/herbal-toothbrush-herbal-toothpaste/,https://cdn.notinoimg.com/list_2k//woom/4751033920228_01-o__220629.jpg
393,Black Lux Set,Curasept,15.00,https://www.notino.co.uk/curasept/black-lux-set-whitening-kit-for-teeth/,https://cdn.notinoimg.com/list_2k//curasept/8056746071486_01-o__220218.jpg
394,Sensitive & Repair,Lavera,4.60,https://www.notino.co.uk/lavera/sensitive-repair-sensitive-toothpaste/,https://cdn.notinoimg.com/list_2k//lavera/4021457629206_01-o__240503.jpg
395,Biocare Combo Pack,Swissdent,11.10,https://www.notino.co.uk/swissdent/biocare-combo-pack-dental-care-set/,https://cdn.notinoimg.com/list_2k//swissdent/7640126890067_01-o__220829.jpg
396,Crystal Travel Tube,Swissdent,2.90,https://www.notino.co.uk/swissdent/crystal-travel-tube-remineralising-toothpaste-with-whitening-effect/,https://cdn.notinoimg.com/list_2k//swissdent/7640126190716_01-o__221027.jpg
397,Oral Care Set,Peppa Pig,12.60,https://www.notino.co.uk/peppa-pig/oral-care-set-gift-setfor-children/,https://cdn.notinoimg.com/list_2k//peppa_pig/8029241136820_01__231120.jpg
398,Extreme Promo Kit,Swissdent,23.60,https://www.notino.co.uk/swissdent/extreme-promo-kit-cosmetic-set-v/,https://cdn.notinoimg.com/list_2k//swissdent/7640126190150_01-o__200123.jpg
399,Natural+ Toothpaste,WOOM,4.90,https://www.notino.co.uk/woom/natural-toothpaste-toothpaste-with-peppermint/,https://cdn.notinoimg.com/list_2k//woom/8420075180339_01-o__220629.jpg
400,Black is White,Curaprox,6.90,https://www.notino.co.uk/curaprox/black-is-white-cosmetic-set-ii/,https://cdn.notinoimg.com/list_2k//curaprox/7612412424614_01-o__170314.jpg
401,Dentifricio,Naturaverde,3.40,https://www.notino.co.uk/naturaverde/dentifricio-refreshing-toothpaste/,https://cdn.notinoimg.com/list_2k//naturaverde/8029241122533_01-o__240130.jpg
402,Royal Tooth Serum,Soaphoria,7.70,https://www.notino.co.uk/soaphoria/royal-tooth-serum-dental-serum-with-activated-charcoal/,https://cdn.notinoimg.com/list_2k//soaphoria/8586017854178_01-o__240415.jpg
403,Bava Di Lumaca,Naturaverde,3.30,https://www.notino.co.uk/naturaverde/bava-di-lumaca-sensitive-toothpaste/,https://cdn.notinoimg.com/list_2k//naturaverde/8029241123813_01-o__240130.jpg
404,Micellar,White Glo,5.80,https://www.notino.co.uk/white-glo/micellar-dental-care-set/,https://cdn.notinoimg.com/list_2k//white-glo/9319871001391_01-o__230606.jpg
405,PAP Carbon Whitening,White Pearl,7.10,https://www.notino.co.uk/white-pearl/pap-carbon-whitening-whitening-toothpaste/,https://cdn.notinoimg.com/list_2k//white-pearl/8594069333275_01-o__230725.jpg
406,Fast Sensitive Repair,Biorepair,4.00,https://www.notino.co.uk/biorepair/fast-sensitive-repair-toothpaste/,https://cdn.notinoimg.com/list_2k//biorepair/8017331048443_01-o__220811.jpg
407,Kids 3+ Frozen,Oral B,,https://www.notino.co.uk/oral-b/kids-3-frozen-cars-toothpaste-for-children/,https://cdn.notinoimg.com/list_2k//oral-b/8001841296784_01-o__230602.jpg
408,White Shock Instant White,BlanX,,https://www.notino.co.uk/blanx/white-shock-whitening-toothpaste-against-stains-on-tooth-enamel-with-immediate-effect/,https://cdn.notinoimg.com/list_2k//blanx/8017331051573_01__160413.jpg
409,Junior 6-12,Biorepair,,https://www.notino.co.uk/biorepair/junior-toothpaste-for-children-without-fluoride/,https://cdn.notinoimg.com/list_2k//biorepair/8017331054093_01-o__220310.jpg
410,ADS Protective,Curasept,5.90,https://www.notino.co.uk/curasept/ads-protective-anti-plaque-toothpaste-for-healthy-gums/,https://cdn.notinoimg.com/list_2k//curasept/8056746070250_01-o__220203.jpg
411,Sensitive Gums Mint,Marvis,7.80,https://www.notino.co.uk/marvis/sensitive-gums-mint-sensitive-toothpaste/,https://cdn.notinoimg.com/list_2k//marvis/8004395112425_01-o__240305.jpg
412,Biosmalto Sensitive Teeth,Curasept,,https://www.notino.co.uk/curasept/biosmalto-sensitive-teeth-sensitive-toothpaste/,https://cdn.notinoimg.com/list_2k//curasept/8056746072506_01-o__220203.jpg
413,Perfect White Black,Beverly Hills Formula,,https://www.notino.co.uk/beverly-hills-formula/perfect-white-black-whitening-toothpaste-with-activated-charcoal-for-fresh-breath/,https://cdn.notinoimg.com/list_2k//beverly-hills-formula/5020105002681_01-o__210917.jpg
414,Daycare Protection Junior Booster,Curasept,,https://www.notino.co.uk/curasept/daycare-protection-junior-booster-toothpaste-for-children/,https://cdn.notinoimg.com/list_2k//curasept/8056746073312_01-o__230605.jpg
415,Limited Edition Kissing Rose,Marvis,,https://www.notino.co.uk/marvis/limited-edition-kissing-rose-toothpaste/,https://cdn.notinoimg.com/list_2k//marvis/8004395112807_01-o__240305.jpg
416,Caries Abrasion & Erosion,Curasept,,https://www.notino.co.uk/curasept/caries-abrasion-erosion-anti-decay-toothpaste/,https://cdn.notinoimg.com/list_2k//curasept/8056746072445_01-o__220203.jpg
417,Limited Edition Dreamy Osmanthus,Marvis,,https://www.notino.co.uk/marvis/limited-edition-dreamy-osmanthus-toothpaste/,https://cdn.notinoimg.com/list_2k//marvis/8004395112821_01-o__240305.jpg
418,Nordic White,BlanX,,https://www.notino.co.uk/blanx/nordic-white-whitening-toothpaste/,https://cdn.notinoimg.com/list_2k//blanx/8017331077825_01-o__220401.jpg
419,ADS 350,Curasept,,https://www.notino.co.uk/curasept/ads-350-dental-gel-to-treat-periodontitis/,https://cdn.notinoimg.com/list_2k//curasept/8056746070274_01-o__220218.jpg
420,Whitening,MEDIBLANC,,https://www.notino.co.uk/mediblanc/dental-care-dental-care-setfor-pearly-white-teeth-ii/,https://cdn.notinoimg.com/list_2k//mediblanc/8053689492118_01-o__231017.jpg
421,Biosmalto Junior,Curasept,,https://www.notino.co.uk/curasept/biosmalto-junior-toothpaste-for-children/,https://cdn.notinoimg.com/list_2k//curasept/8056746072452_01-o__220204.jpg
422,Fluoride 5000ppm,WOOM,,https://www.notino.co.uk/woom/fluoride-5000ppm-fluoride-toothpaste/,https://cdn.notinoimg.com/list_2k//woom/4751033920242_01-o__231019.jpg
423,Daycare Protection Booster Fruit Sensation,Curasept,,https://www.notino.co.uk/curasept/daycare-protection-booster-fruit-sensation-gel-toothpaste/,https://cdn.notinoimg.com/list_2k//curasept/8056746073305_01-o__230511.jpg
424,Opti-namel Daily Repair,Elmex,,https://www.notino.co.uk/elmex/opti-namel-daily-repair-remineralising-toothpaste/,https://cdn.notinoimg.com/list_2k//elmex/8718951554542_01-o__230426.jpg
425,Botanique Mint,Himalaya Herbals,,https://www.notino.co.uk/himalaya-herbals/botanique-mint-whitening-toothpaste/,https://cdn.notinoimg.com/list_2k//himalaya-herbals/605069200295_01-o__211221.jpg
426,Prevent,Curasept,,https://www.notino.co.uk/curasept/prevent-toothpaste/,https://cdn.notinoimg.com/list_2k//curasept/8056746071899_01-o__230606.jpg
427,Crystal Repair and Whitening,Swissdent,,https://www.notino.co.uk/swissdent/crystal-repair-and-whitening-remineralising-toothpaste-with-whitening-effect/,https://cdn.notinoimg.com/list_2k//swissdent/7640126190686_01-o__230711.jpg
428,EcoBio Dentifricio,Curasept,,https://www.notino.co.uk/curasept/ecobio-dentifricio-organic-toothpaste-without-fluoride/,https://cdn.notinoimg.com/list_2k//curasept/8056746071547_01-o__220203.jpg
429,Natural White Optic Blue,Beverly Hills Formula,,https://www.notino.co.uk/beverly-hills-formula/natural-white-optic-blue-whitening-toothpaste/,https://cdn.notinoimg.com/list_2k//beverly-hills-formula/5020105003947_01-o__230222.jpg
430,Natural Toothpaste Tablets,The Humble Co.,6.50,https://www.notino.co.uk/the-humble-co/natural-toothpaste-tablets-pastilles-without-fluoride/,https://cdn.notinoimg.com/list_2k//humble/7350075691911_01-o__210816.jpg
431,Natural Toothpaste Coconut & Salt,The Humble Co.,,https://www.notino.co.uk/the-humble-co/natural-toothpaste-coconut-salt-natural-toothpaste/,https://cdn.notinoimg.com/list_2k//humble/7350075691577_01-o__211221.jpg
432,Kids 3-5 Years,Colgate,,https://www.notino.co.uk/colgate/kids-3-5-years-toothpaste-for-children/,https://cdn.notinoimg.com/list_2k//colgate/8718951265738_01-o__200110.jpg
433,Oral Care Complete Care,Himalaya Herbals,,https://www.notino.co.uk/himalaya-herbals/oral-care-toothpaste-for-complete-protection-of-teeth/,https://cdn.notinoimg.com/list_2k//himalaya-herbals/hihorlw_ktps30__151008.jpg
434,Naturals Mix,Colgate,,https://www.notino.co.uk/colgate/naturals-mix-natural-toothpaste/,https://cdn.notinoimg.com/list_2k//colgate/8590232001217_01-o__230814.jpg
435,Kids,Masha & The Bear,,https://www.notino.co.uk/masha-the-bear/kids-toothpaste-for-children-with-strawberry-flavour/,https://cdn.notinoimg.com/list_2k//masha_the_bear/8029241134000_01__220428.jpg
436,Oral Care Ayurvedic Dental Cream,Himalaya Herbals,,https://www.notino.co.uk/himalaya-herbals/oral-care-ayurvedic-dental-cream-herbal-toothpaste-with-fluoride/,https://cdn.notinoimg.com/list_2k//himalaya-herbals/8901138500306_01-o__220613.jpg
437,Junior 6+,G.U.M,,https://www.notino.co.uk/gum/junior-tooth-gel-for-kids/,https://cdn.notinoimg.com/list_2k//gum/070942304160_01-o__220905.jpg
438,Fresh Mint,Urtekram,,https://www.notino.co.uk/urtekram/urtekram-fresh-mint-whitening-toothpaste-without-fluoride/,https://cdn.notinoimg.com/list_2k//urtekram/5765228836095_01-o__190813.jpg
439,Daycare Protection Booster Frozen Mint,Curasept,,https://www.notino.co.uk/curasept/daycare-protection-booster-frozen-mint-gel-toothpaste/,https://cdn.notinoimg.com/list_2k//curasept/8056746073282_01-o__230511.jpg
440,Junior Caries Protection,Elmex,,https://www.notino.co.uk/elmex/junior-caries-protection-toothpaste-for-children/,https://cdn.notinoimg.com/list_2k//elmex/4007965505904_01-o__230302.jpg
441,Strong Mint,Urtekram,,https://www.notino.co.uk/urtekram/urtekram-strong-mint-whitening-toothpaste-for-sensitive-teeth/,https://cdn.notinoimg.com/list_2k//urtekram/5765228836170_01-o__190813.jpg
442,Whitening Herbal,MEDIBLANC,,https://www.notino.co.uk/mediblanc/dental-care-dental-care-setfor-pearly-white-teeth/,https://cdn.notinoimg.com/list_2k//mediblanc/8053689492101_01-o__231017.jpg
443,Eco,Himalaya Herbals,,https://www.notino.co.uk/himalaya-herbals/eco-toothpaste/,https://cdn.notinoimg.com/list_2k//himalaya-herbals/8901138816629_01-o__211221.jpg
444,Pink Whitening Toothpaste,My White Secret,,https://www.notino.co.uk/my-white-secret/pink-whitening-toothpaste-sensitive-toothpaste/,https://cdn.notinoimg.com/list_2k//my-white-secret/5060548390365_01-o__220105.jpg
445,Natural Toothpaste Kids,The Humble Co.,4.20,https://www.notino.co.uk/humble/natural-toothpaste-kids-natural-toothpaste-for-kids-with-strawberry-flavour/,https://cdn.notinoimg.com/list_2k//humble/7350075691539_01-o__210823.jpg
446,Gold Lux Toothpaste,Curasept,,https://www.notino.co.uk/curasept/gold-lux-toothpaste-whitening-toothpaste-with-activated-charcoal/,https://cdn.notinoimg.com/list_2k//curasept/8056746072018_01-o__220218.jpg
447,Oral Care Sparkly White,Himalaya Herbals,,https://www.notino.co.uk/himalaya-herbals/oral-care-toothpaste-for-pearly-white-teeth/,https://cdn.notinoimg.com/list_2k//himalaya-herbals/hihorlw_ktps10__151008.jpg
448,Limited Edition Sinous Lily,Marvis,,https://www.notino.co.uk/marvis/limited-edition-sinous-lily-toothpaste/,https://cdn.notinoimg.com/list_2k//marvis/8004395112814_01-o__240305.jpg
449,White Lux Toothpaste,Curasept,,https://www.notino.co.uk/curasept/white-lux-whitening-toothpaste-with-activated-charcoal/,https://cdn.notinoimg.com/list_2k//curasept/8056746072001_01-o__220218.jpg
450,Whitening,Lavera,,https://www.notino.co.uk/lavera/whitening-whitening-toothpaste/,https://cdn.notinoimg.com/list_2k//lavera/4021457629213_01-o__200129.jpg
451,Natural Toothpaste Fresh Mint,The Humble Co.,4.00,https://www.notino.co.uk/humble/natural-toothpaste-organic-toothpaste/,https://cdn.notinoimg.com/list_2k//humble/7350075691492_01-o__210823.jpg
452,Max White Ultra Freshness Pearls,Colgate,,https://www.notino.co.uk/colgate/max-white-ultra-freshness-pearls-whitening-toothpaste/,https://cdn.notinoimg.com/list_2k//colgate/8718951505100_01-o__240229.jpg
453,Biocare Wellness,Swissdent,,https://www.notino.co.uk/swissdent/biocare/,https://cdn.notinoimg.com/list_2k//swissdent/7640126190853_01-o__160222.jpg
454,Gold Lux Set,Curasept,,https://www.notino.co.uk/curasept/gold-lux-set-whitening-kit-for-teeth/,https://cdn.notinoimg.com/list_2k//curasept/8056746071509_01-o__220218.jpg
455,Professional Active,Splat,,https://www.notino.co.uk/splat/professional-active-refreshing-toothpaste/,https://cdn.notinoimg.com/list_2k//splat/7640168930011_01-o__231101.jpg
456,Stain-away,Himalaya Herbals,,https://www.notino.co.uk/himalaya-herbals/oral-care-high-impact-whitening-toothpaste/,https://cdn.notinoimg.com/list_2k//himalaya-herbals/6297000713977_01-o__210811.jpg
457,ADS Astringent,Curasept,,https://www.notino.co.uk/curasept/ads-astringent-gel-toothpaste-to-treat-bleeding-gums/,https://cdn.notinoimg.com/list_2k//curasept/8056746070304_01-o__220203.jpg
458,Launcher Set,Toothy®,,https://www.notino.co.uk/toothy/launcher-set-teeth-whitening-kit/,https://cdn.notinoimg.com/list_2k//toothy/726667490779_01-o__210528.jpg
459,Professional Pro-Repair,Oral B,,https://www.notino.co.uk/oral-b/professional-pro-repair-toothpaste/,https://cdn.notinoimg.com/list_2k//oral-b/8001841729077_01-o__220701.jpg
460,Classic,Yotuel,,https://www.notino.co.uk/yotuel/classic-whitening-toothpaste/,https://cdn.notinoimg.com/list_2k//yotuel/yotclsw_ktps10__150428.jpg
461,Herbal Toothpaste,NANOO,,https://www.notino.co.uk/nanoo/herbal-toothpaste-herbal-toothpaste-with-sea-salt/,https://cdn.notinoimg.com/list_2k//nanoo/08594211010207_01-o__221013.jpg
462,"Gingidex 0,06%",G.U.M,,https://www.notino.co.uk/gum/gingidex/,https://cdn.notinoimg.com/list_2k//gum/gumginw_ktps10_01__151102.jpg
463,Teeth Whitening Foam,My White Secret,,https://www.notino.co.uk/my-white-secret/teeth-whitening-foam-foam-corrector-for-whitening-teeth/,https://cdn.notinoimg.com/list_2k//my-white-secret/5060548390563_01-o__231128.jpg
464,Botanique Simply mint,Himalaya Herbals,,https://www.notino.co.uk/himalaya-herbals/oral-care/,https://cdn.notinoimg.com/list_2k//himalaya-herbals/605069200240_01-o__210811.jpg
465,Biosmalto Baby-Kid,Curasept,,https://www.notino.co.uk/curasept/biosmalto-baby-kid-toothpaste-for-children-without-fluoride/,https://cdn.notinoimg.com/list_2k//curasept/8056746071189_01-o__220203.jpg
466,Toothpaste Aphrodisiac For Her and Her,You&Oil,,https://www.notino.co.uk/youoil/toothpaste-aphrodisiac-for-her-and-her-gift-set/,https://cdn.notinoimg.com/list_2k//youoil/4779035864005_01-o__220609.jpg
467,Gentle White,Meridol,,https://www.notino.co.uk/meridol/gentle-white-toothpaste-against-gum-bleeding-and-periodontal-disease-128777/,https://cdn.notinoimg.com/list_2k//meridol/merdecu_ktps50__150202.jpg
468,Nourish Gently Soothing,Sensodyne,,https://www.notino.co.uk/sensodyne/nourish-gently-soothing-bioactive-toothpaste-with-fluoride/,https://cdn.notinoimg.com/list_2k//sensodyne/8596149006345_01-o__220427.jpg
469,Daily rescue pack Serenity,HAAN,,https://www.notino.co.uk/haan/daily-rescue-pack-serenity-gift-set-hyva-meininki/,https://cdn.notinoimg.com/list_2k//haan/5060917123518_01-o__230619.jpg
470,Intensive Cleaning,Elmex,,https://www.notino.co.uk/elmex/intensive-cleaning-toothpaste-for-smooth-and-white-teeth/,https://cdn.notinoimg.com/list_2k//elmex/7610108057924_01-o__221125.jpg
471,Children's Toothpaste Original,Urtekram,,https://www.notino.co.uk/urtekram/childrens-toothpaste-original-toothpaste-for-children/,https://cdn.notinoimg.com/list_2k//urtekram/5765228839065_01-o__191016.jpg
472,Gum & Enamel Repair Gentle Whitening,Oral B,,https://www.notino.co.uk/oral-b/gum-enamel-repair-gentle-whitening-gentle-whitening-toothpaste/,https://cdn.notinoimg.com/list_2k//oral-b/8001090803016_01-o__200131.jpg
473,Oral Care Mint Fresh,Himalaya Herbals,,https://www.notino.co.uk/himalaya-herbals/oral-care-toothpaste-for-fresh-breath/,https://cdn.notinoimg.com/list_2k//himalaya-herbals/hihorlw_ktps20__151009.jpg
474,Mint & Green Tea,Urtekram,,https://www.notino.co.uk/urtekram/urtekram-mint-green-tea-mint-toothpaste-with-green-tea/,https://cdn.notinoimg.com/list_2k//urtekram/5765228837832_01-o__190813.jpg
475,Botanique Cinnamon,Himalaya Herbals,,https://www.notino.co.uk/himalaya-herbals/botanique-cinnamon-toothpaste-for-complete-protection-of-teeth/,https://cdn.notinoimg.com/list_2k//himalaya-herbals/605069200264_01-o__210811.jpg
476,Children's Toothpaste Tutti-Frutti,Urtekram,,https://www.notino.co.uk/urtekram/childrens-toothpaste-tutti-frutti-toothpaste-for-children/,https://cdn.notinoimg.com/list_2k//urtekram/5765228837801_01-o__191016.jpg
477,Pure,TePe,,https://www.notino.co.uk/tepe/pure-toothpaste/,https://cdn.notinoimg.com/list_2k//tepe/7350121254114_01-o__240419.jpg
478,Carbon+ Set,WOOM,,https://www.notino.co.uk/woom/carbon-set-gift-setfor-teeth/,https://cdn.notinoimg.com/list_2k//woom/4751033921102_01__221118.jpg
479,Aloe Vera,Urtekram,,https://www.notino.co.uk/urtekram/urtekram-strong-mint-organic-toothpaste/,https://cdn.notinoimg.com/list_2k//urtekram/5765228837849_01-o__190813.jpg
480,MicroSilver Plus,LR,,https://www.notino.co.uk/lr/microsilver-plus-toothpaste/,https://cdn.notinoimg.com/list_2k//lr/2800019046468_01-o__231009.jpg
481,Dental Cream Dental Cream,Himalaya Herbals,,https://www.notino.co.uk/himalaya-herbals/oral-care-fluoride-free-toothpaste-for-complete-protection-of-teeth/,https://cdn.notinoimg.com/list_2k//himalaya-herbals/4751015926668_01-o__210811.jpg
482,ADS Regenerating,Curasept,,https://www.notino.co.uk/curasept/ads-regenerating-anti-decay-toothpaste-with-regenerative-effect/,https://cdn.notinoimg.com/list_2k//curasept/8056746070243_01-o__220203.jpg
483,Natural Toothpaste Tablets,The Humble Co.,6.40,https://www.notino.co.uk/the-humble-co/pastilles/,https://cdn.notinoimg.com/list_2k//humble/7350075691904_01-o__210816.jpg
484,All Day Care,Toothy®,,https://www.notino.co.uk/toothy/all-day-care-whitening-toothpaste/,https://cdn.notinoimg.com/list_2k//toothy/726667490687_01-o__210523.jpg
485,3D White,Blend-a-med,1.30,https://www.notino.co.uk/blend-a-med/3d-white-toothpaste-with-whitening-effect/,https://cdn.notinoimg.com/list_2k//blend-a-med/ble3dww_ktps05_01__170130.jpg
486,Biocare Natural Whitening and Regenerating,Swissdent,10.60,https://www.notino.co.uk/swissdent/biocare-regenerative-toothpaste-with-whitening-effect/,https://cdn.notinoimg.com/list_2k//swissdent/2800018278075_01-o__200824.jpg
487,Cavity Protection,Signal,1.50,https://www.notino.co.uk/signal/cavity-protection-toothpaste/,https://cdn.notinoimg.com/list_2k//signal/sigcvpu_ktps05__150511.jpg
488,Charcoal,White Glo,5.40,https://www.notino.co.uk/white-glo/charcoal-dental-care-set/,https://cdn.notinoimg.com/list_2k//white-glo/9319871001070_01-o__210524.jpg
489,Professional Choice,White Glo,5.50,https://www.notino.co.uk/white-glo/professional-choice-dental-care-set/,https://cdn.notinoimg.com/list_2k//white-glo/9319871000615_01-o__210524.jpg
490,JUNIOR Mint fresh,MEDIBLANC,6.60,https://www.notino.co.uk/mediblanc/junior-mint-fresh-toothpaste-for-children/,https://cdn.notinoimg.com/list_2k//mediblanc/8059300533147_01-o__220114.jpg
491,Cavity Protection Fresh Mint,Colgate,1.30,https://www.notino.co.uk/colgate/cavity-protection-toothpaste-with-fluoride/,https://cdn.notinoimg.com/list_2k//colgate/6920354836176_01-o__230811.jpg
492,Travel Set,Curaprox,10.60,https://www.notino.co.uk/curaprox/travel-set-travel-kitfor-teeth-tongue-and-gums/,https://cdn.notinoimg.com/list_2k//curaprox/7612412429916_01-o__220520.jpg
